t     0.10s  slot      2/72000  seg   0  found    0/2400 ( 0.0%)  reward        1.5   hits    0  false alarms    0  misses    0
t     1.40s  slot     28/72000  seg   0  found    0/2400 ( 0.0%)  reward       13.3   hits    0  false alarms    0  misses    0
t     2.85s  slot     57/72000  seg   0  found    0/2400 ( 0.0%)  reward       10.0   hits    0  false alarms    0  misses    0
t     4.60s  slot     92/72000  seg   0  found    0/2400 ( 0.0%)  reward        1.5   hits    0  false alarms    0  misses    0
t     6.45s  slot    129/72000  seg   0  found    0/2400 ( 0.0%)  reward       -9.3   hits    0  false alarms    0  misses    0
t     7.95s  slot    159/72000  seg   0  found    0/2400 ( 0.0%)  reward      -16.5   hits    0  false alarms    0  misses    0
t     9.20s  slot    184/72000  seg   0  found    0/2400 ( 0.0%)  reward      -23.5   hits    0  false alarms    0  misses    0
t    10.25s  slot    205/72000  seg   0  found    0/2400 ( 0.0%)  reward      -27.1   hits    0  false alarms    0  misses    0
t    12.35s  slot    247/72000  seg   0  found    0/2400 ( 0.0%)  reward      -40.0   hits    0  false alarms    0  misses    0
t    14.40s  slot    288/72000  seg   0  found    0/2400 ( 0.0%)  reward      -49.1   hits    0  false alarms    0  misses    0
t    16.55s  slot    331/72000  seg   0  found    0/2400 ( 0.0%)  reward      -61.3   hits    0  false alarms    1  misses    0
t    18.60s  slot    372/72000  seg   0  found    0/2400 ( 0.0%)  reward      -66.3   hits    0  false alarms    1  misses    0
t    20.90s  slot    418/72000  seg   0  found    0/2400 ( 0.0%)  reward      -78.1   hits    0  false alarms    1  misses    0
t    22.70s  slot    454/72000  seg   0  found    0/2400 ( 0.0%)  reward      -83.3   hits    0  false alarms    1  misses    0
t    24.40s  slot    488/72000  seg   0  found    0/2400 ( 0.0%)  reward      -91.9   hits    0  false alarms    1  misses    0
t    26.30s  slot    526/72000  seg   0  found    0/2400 ( 0.0%)  reward     -102.2   hits    0  false alarms    1  misses    0
t    27.55s  slot    551/72000  seg   0  found    0/2400 ( 0.0%)  reward     -109.3   hits    0  false alarms    1  misses    0
t    29.45s  slot    589/72000  seg   0  found    0/2400 ( 0.0%)  reward     -118.1   hits    0  false alarms    1  misses    0
t    31.55s  slot    631/72000  seg   1  found    0/2400 ( 0.0%)  reward     -130.8   hits    0  false alarms    1  misses    0
t    33.65s  slot    673/72000  seg   1  found    0/2400 ( 0.0%)  reward     -142.6   hits    0  false alarms    1  misses    0
t    35.65s  slot    713/72000  seg   1  found    0/2400 ( 0.0%)  reward     -149.4   hits    0  false alarms    1  misses    0
t    37.65s  slot    753/72000  seg   1  found    0/2400 ( 0.0%)  reward     -158.0   hits    0  false alarms    1  misses    0
t    39.60s  slot    792/72000  seg   1  found    0/2400 ( 0.0%)  reward     -165.7   hits    0  false alarms    1  misses    0
t    41.75s  slot    835/72000  seg   1  found    0/2400 ( 0.0%)  reward     -177.8   hits    0  false alarms    1  misses    0
t    43.60s  slot    872/72000  seg   1  found    0/2400 ( 0.0%)  reward     -188.0   hits    0  false alarms    1  misses    0
t    45.45s  slot    909/72000  seg   1  found    0/2400 ( 0.0%)  reward     -196.7   hits    0  false alarms    1  misses    0
t    47.15s  slot    943/72000  seg   1  found    0/2400 ( 0.0%)  reward     -205.7   hits    0  false alarms    1  misses    0
t    49.00s  slot    980/72000  seg   1  found    0/2400 ( 0.0%)  reward     -212.0   hits    0  false alarms    1  misses    0
t    51.05s  slot   1021/72000  seg   1  found    0/2400 ( 0.0%)  reward     -222.3   hits    0  false alarms    1  misses    0
t    52.90s  slot   1058/72000  seg   1  found    0/2400 ( 0.0%)  reward     -229.0   hits    0  false alarms    1  misses    0
t    54.85s  slot   1097/72000  seg   1  found    0/2400 ( 0.0%)  reward     -240.0   hits    0  false alarms    1  misses    0
t    56.60s  slot   1132/72000  seg   1  found    2/2400 ( 0.1%)  reward     -248.5   hits    1  false alarms    1  misses    0
t    58.35s  slot   1167/72000  seg   1  found    2/2400 ( 0.1%)  reward     -257.3   hits    1  false alarms    1  misses    0
t    59.80s  slot   1196/72000  seg   1  found    2/2400 ( 0.1%)  reward     -262.0   hits    1  false alarms    1  misses    0
t    61.15s  slot   1223/72000  seg   2  found    2/2400 ( 0.1%)  reward     -266.1   hits    1  false alarms    1  misses    0
t    62.50s  slot   1250/72000  seg   2  found    2/2400 ( 0.1%)  reward     -271.7   hits    1  false alarms    1  misses    0
t    64.30s  slot   1286/72000  seg   2  found    2/2400 ( 0.1%)  reward     -277.1   hits    1  false alarms    1  misses    0
t    66.05s  slot   1321/72000  seg   2  found    2/2400 ( 0.1%)  reward     -286.1   hits    1  false alarms    1  misses    0
t    68.25s  slot   1365/72000  seg   2  found    3/2400 ( 0.1%)  reward     -294.5   hits    2  false alarms    1  misses    0
t    70.30s  slot   1406/72000  seg   2  found    8/2400 ( 0.3%)  reward     -291.6   hits    5  false alarms    1  misses    0
t    72.30s  slot   1446/72000  seg   2  found   10/2400 ( 0.4%)  reward     -289.9   hits    8  false alarms    1  misses    0
t    73.95s  slot   1479/72000  seg   2  found   16/2400 ( 0.7%)  reward     -282.5   hits   11  false alarms    1  misses    0
t    75.95s  slot   1519/72000  seg   2  found   17/2400 ( 0.7%)  reward     -276.2   hits   19  false alarms    1  misses    0
t    78.00s  slot   1560/72000  seg   2  found   18/2400 ( 0.8%)  reward     -276.4   hits   22  false alarms    1  misses    0
t    79.80s  slot   1596/72000  seg   2  found   20/2400 ( 0.8%)  reward     -269.7   hits   28  false alarms    1  misses    0
t    81.65s  slot   1633/72000  seg   2  found   20/2400 ( 0.8%)  reward     -265.7   hits   34  false alarms    1  misses    0
t    83.40s  slot   1668/72000  seg   2  found   20/2400 ( 0.8%)  reward     -264.5   hits   37  false alarms    1  misses    0
t    85.05s  slot   1701/72000  seg   2  found   20/2400 ( 0.8%)  reward     -266.1   hits   38  false alarms    2  misses    0
t    86.80s  slot   1736/72000  seg   2  found   20/2400 ( 0.8%)  reward     -264.2   hits   41  false alarms    2  misses    0
t    88.95s  slot   1779/72000  seg   2  found   20/2400 ( 0.8%)  reward     -260.4   hits   47  false alarms    2  misses    0
t    90.75s  slot   1815/72000  seg   3  found   28/2400 ( 1.2%)  reward     -256.4   hits   51  false alarms    2  misses    0
t    92.15s  slot   1843/72000  seg   3  found   32/2400 ( 1.3%)  reward     -252.4   hits   57  false alarms    2  misses    0
t    93.55s  slot   1871/72000  seg   3  found   36/2400 ( 1.5%)  reward     -248.5   hits   61  false alarms    2  misses    0
t    95.35s  slot   1907/72000  seg   3  found   40/2400 ( 1.7%)  reward     -244.4   hits   66  false alarms    2  misses    0
t    97.40s  slot   1948/72000  seg   3  found   40/2400 ( 1.7%)  reward     -240.0   hits   71  false alarms    2  misses    0
t    98.80s  slot   1976/72000  seg   3  found   40/2400 ( 1.7%)  reward     -235.4   hits   76  false alarms    2  misses    0
t   100.55s  slot   2011/72000  seg   3  found   40/2400 ( 1.7%)  reward     -227.6   hits   85  false alarms    2  misses    0
t   102.40s  slot   2048/72000  seg   3  found   40/2400 ( 1.7%)  reward     -221.3   hits   92  false alarms    2  misses    0
t   104.15s  slot   2083/72000  seg   3  found   40/2400 ( 1.7%)  reward     -218.5   hits   96  false alarms    2  misses    0
t   106.00s  slot   2120/72000  seg   3  found   40/2400 ( 1.7%)  reward     -210.1   hits  105  false alarms    2  misses    0
t   107.75s  slot   2155/72000  seg   3  found   40/2400 ( 1.7%)  reward     -201.6   hits  114  false alarms    2  misses    0
t   109.35s  slot   2187/72000  seg   3  found   40/2400 ( 1.7%)  reward     -197.3   hits  119  false alarms    2  misses    0
t   111.20s  slot   2224/72000  seg   3  found   40/2400 ( 1.7%)  reward     -190.6   hits  127  false alarms    2  misses    0
t   112.80s  slot   2256/72000  seg   3  found   40/2400 ( 1.7%)  reward     -183.9   hits  134  false alarms    2  misses    0
t   114.35s  slot   2287/72000  seg   3  found   40/2400 ( 1.7%)  reward     -180.2   hits  138  false alarms    2  misses    0
t   115.95s  slot   2319/72000  seg   3  found   40/2400 ( 1.7%)  reward     -172.3   hits  146  false alarms    2  misses    0
t   117.55s  slot   2351/72000  seg   3  found   40/2400 ( 1.7%)  reward     -166.5   hits  152  false alarms    2  misses    0
t   119.25s  slot   2385/72000  seg   3  found   40/2400 ( 1.7%)  reward     -156.3   hits  164  false alarms    2  misses    0
t   121.00s  slot   2420/72000  seg   4  found   48/2400 ( 2.0%)  reward     -146.9   hits  174  false alarms    2  misses    0
t   122.45s  slot   2449/72000  seg   4  found   52/2400 ( 2.2%)  reward     -140.4   hits  181  false alarms    2  misses    0
t   124.00s  slot   2480/72000  seg   4  found   52/2400 ( 2.2%)  reward     -135.9   hits  187  false alarms    2  misses    0
t   125.65s  slot   2513/72000  seg   4  found   52/2400 ( 2.2%)  reward     -138.1   hits  188  false alarms    2  misses    0
t   126.90s  slot   2538/72000  seg   4  found   54/2400 ( 2.2%)  reward     -133.8   hits  193  false alarms    2  misses    0
t   128.60s  slot   2572/72000  seg   4  found   58/2400 ( 2.4%)  reward     -129.0   hits  198  false alarms    2  misses    0
t   130.75s  slot   2615/72000  seg   4  found   58/2400 ( 2.4%)  reward     -127.3   hits  202  false alarms    2  misses    0
t   132.85s  slot   2657/72000  seg   4  found   58/2400 ( 2.4%)  reward     -121.8   hits  210  false alarms    2  misses    0
t   134.45s  slot   2689/72000  seg   4  found   58/2400 ( 2.4%)  reward     -119.1   hits  214  false alarms    2  misses    0
t   136.05s  slot   2721/72000  seg   4  found   58/2400 ( 2.4%)  reward     -110.3   hits  221  false alarms    2  misses    0
t   137.80s  slot   2756/72000  seg   4  found   58/2400 ( 2.4%)  reward     -108.5   hits  225  false alarms    2  misses    0
t   139.95s  slot   2799/72000  seg   4  found   58/2400 ( 2.4%)  reward     -109.4   hits  228  false alarms    2  misses    0
t   142.05s  slot   2841/72000  seg   4  found   58/2400 ( 2.4%)  reward     -107.2   hits  233  false alarms    2  misses    0
t   143.70s  slot   2874/72000  seg   4  found   60/2400 ( 2.5%)  reward      -92.9   hits  245  false alarms    2  misses    0
t   145.70s  slot   2914/72000  seg   4  found   60/2400 ( 2.5%)  reward      -86.1   hits  252  false alarms    2  misses    0
t   147.95s  slot   2959/72000  seg   4  found   60/2400 ( 2.5%)  reward      -86.2   hits  256  false alarms    2  misses    0
t   149.80s  slot   2996/72000  seg   4  found   60/2400 ( 2.5%)  reward      -76.3   hits  264  false alarms    2  misses    0
t   151.60s  slot   3032/72000  seg   5  found   70/2400 ( 2.9%)  reward      -66.5   hits  274  false alarms    2  misses    0
t   153.40s  slot   3068/72000  seg   5  found   73/2400 ( 3.0%)  reward      -53.0   hits  287  false alarms    2  misses    0
t   155.30s  slot   3106/72000  seg   5  found   80/2400 ( 3.3%)  reward      -38.9   hits  301  false alarms    2  misses    0
t   157.20s  slot   3144/72000  seg   5  found   80/2400 ( 3.3%)  reward      -34.4   hits  306  false alarms    2  misses    0
t   159.15s  slot   3183/72000  seg   5  found   80/2400 ( 3.3%)  reward      -29.3   hits  314  false alarms    2  misses    0
t   160.70s  slot   3214/72000  seg   5  found   80/2400 ( 3.3%)  reward      -25.9   hits  318  false alarms    2  misses    0
t   162.60s  slot   3252/72000  seg   5  found   80/2400 ( 3.3%)  reward      -22.9   hits  323  false alarms    2  misses    0
t   164.60s  slot   3292/72000  seg   5  found   80/2400 ( 3.3%)  reward      -20.7   hits  328  false alarms    2  misses    0
t   166.20s  slot   3324/72000  seg   5  found   80/2400 ( 3.3%)  reward      -13.0   hits  336  false alarms    2  misses    0
t   167.85s  slot   3357/72000  seg   5  found   80/2400 ( 3.3%)  reward       -4.0   hits  346  false alarms    2  misses    0
t   169.60s  slot   3392/72000  seg   5  found   80/2400 ( 3.3%)  reward        2.5   hits  354  false alarms    2  misses    0
t   171.30s  slot   3426/72000  seg   5  found   80/2400 ( 3.3%)  reward       10.2   hits  362  false alarms    2  misses    0
t   173.00s  slot   3460/72000  seg   5  found   80/2400 ( 3.3%)  reward       15.0   hits  368  false alarms    2  misses    0
t   174.55s  slot   3491/72000  seg   5  found   80/2400 ( 3.3%)  reward       22.0   hits  376  false alarms    2  misses    0
t   176.30s  slot   3526/72000  seg   5  found   80/2400 ( 3.3%)  reward       28.1   hits  382  false alarms    2  misses    0
t   178.25s  slot   3565/72000  seg   5  found   80/2400 ( 3.3%)  reward       31.5   hits  387  false alarms    2  misses    0
t   180.05s  slot   3601/72000  seg   6  found   80/2400 ( 3.3%)  reward       40.2   hits  397  false alarms    3  misses    0
t   181.90s  slot   3638/72000  seg   6  found   88/2400 ( 3.7%)  reward       44.5   hits  404  false alarms    3  misses    0
t   183.75s  slot   3675/72000  seg   6  found   92/2400 ( 3.8%)  reward       48.6   hits  410  false alarms    3  misses    0
t   185.60s  slot   3712/72000  seg   6  found   94/2400 ( 3.9%)  reward       50.6   hits  415  false alarms    3  misses    0
t   187.10s  slot   3742/72000  seg   6  found   96/2400 ( 4.0%)  reward       54.7   hits  420  false alarms    3  misses    0
t   189.00s  slot   3780/72000  seg   6  found   96/2400 ( 4.0%)  reward       54.7   hits  421  false alarms    3  misses    0
t   190.75s  slot   3815/72000  seg   6  found   97/2400 ( 4.0%)  reward       62.9   hits  429  false alarms    3  misses    0
t   192.00s  slot   3840/72000  seg   6  found   98/2400 ( 4.1%)  reward       68.1   hits  435  false alarms    3  misses    0
t   193.60s  slot   3872/72000  seg   6  found   98/2400 ( 4.1%)  reward       70.6   hits  440  false alarms    3  misses    0
t   194.90s  slot   3898/72000  seg   6  found   98/2400 ( 4.1%)  reward       77.4   hits  447  false alarms    3  misses    0
t   196.25s  slot   3925/72000  seg   6  found   98/2400 ( 4.1%)  reward       78.4   hits  450  false alarms    3  misses    0
t   198.20s  slot   3964/72000  seg   6  found   98/2400 ( 4.1%)  reward       78.0   hits  453  false alarms    3  misses    0
t   200.00s  slot   4000/72000  seg   6  found   98/2400 ( 4.1%)  reward       83.3   hits  459  false alarms    3  misses    0
t   202.25s  slot   4045/72000  seg   6  found   98/2400 ( 4.1%)  reward       82.1   hits  463  false alarms    3  misses    0
t   203.50s  slot   4070/72000  seg   6  found   98/2400 ( 4.1%)  reward       84.6   hits  465  false alarms    3  misses    0
t   205.60s  slot   4112/72000  seg   6  found  100/2400 ( 4.2%)  reward       89.3   hits  471  false alarms    3  misses    0
t   207.45s  slot   4149/72000  seg   6  found  100/2400 ( 4.2%)  reward       92.7   hits  478  false alarms    3  misses    0
t   209.10s  slot   4182/72000  seg   6  found  100/2400 ( 4.2%)  reward       99.2   hits  485  false alarms    3  misses    0
t   210.55s  slot   4211/72000  seg   7  found  102/2400 ( 4.2%)  reward      102.8   hits  490  false alarms    3  misses    0
t   212.25s  slot   4245/72000  seg   7  found  109/2400 ( 4.5%)  reward      110.4   hits  497  false alarms    3  misses    0
t   214.20s  slot   4284/72000  seg   7  found  114/2400 ( 4.8%)  reward      111.8   hits  500  false alarms    3  misses    0
t   216.20s  slot   4324/72000  seg   7  found  116/2400 ( 4.8%)  reward      113.6   hits  504  false alarms    3  misses    0
t   218.00s  slot   4360/72000  seg   7  found  118/2400 ( 4.9%)  reward      116.9   hits  508  false alarms    3  misses    0
t   219.65s  slot   4393/72000  seg   7  found  118/2400 ( 4.9%)  reward      125.5   hits  516  false alarms    3  misses    0
t   221.65s  slot   4433/72000  seg   7  found  118/2400 ( 4.9%)  reward      129.6   hits  523  false alarms    3  misses    0
t   223.60s  slot   4472/72000  seg   7  found  118/2400 ( 4.9%)  reward      139.8   hits  535  false alarms    3  misses    0
t   225.30s  slot   4506/72000  seg   7  found  120/2400 ( 5.0%)  reward      148.3   hits  544  false alarms    3  misses    0
t   226.85s  slot   4537/72000  seg   7  found  120/2400 ( 5.0%)  reward      148.0   hits  546  false alarms    3  misses    0
t   228.35s  slot   4567/72000  seg   7  found  120/2400 ( 5.0%)  reward      152.6   hits  551  false alarms    3  misses    0
t   230.05s  slot   4601/72000  seg   7  found  120/2400 ( 5.0%)  reward      159.3   hits  559  false alarms    3  misses    0
t   231.80s  slot   4636/72000  seg   7  found  120/2400 ( 5.0%)  reward      163.1   hits  564  false alarms    3  misses    0
t   233.55s  slot   4671/72000  seg   7  found  120/2400 ( 5.0%)  reward      169.6   hits  572  false alarms    3  misses    0
t   235.60s  slot   4712/72000  seg   7  found  120/2400 ( 5.0%)  reward      172.9   hits  577  false alarms    3  misses    0
t   237.40s  slot   4748/72000  seg   7  found  120/2400 ( 5.0%)  reward      178.0   hits  583  false alarms    3  misses    0
t   239.05s  slot   4781/72000  seg   7  found  120/2400 ( 5.0%)  reward      186.0   hits  590  false alarms    4  misses    0
t   240.75s  slot   4815/72000  seg   8  found  122/2400 ( 5.1%)  reward      186.8   hits  594  false alarms    4  misses    0
t   242.25s  slot   4845/72000  seg   8  found  126/2400 ( 5.2%)  reward      190.1   hits  598  false alarms    4  misses    0
t   243.95s  slot   4879/72000  seg   8  found  126/2400 ( 5.2%)  reward      194.0   hits  603  false alarms    4  misses    0
t   245.45s  slot   4909/72000  seg   8  found  132/2400 ( 5.5%)  reward      201.5   hits  610  false alarms    4  misses    0
t   247.20s  slot   4944/72000  seg   8  found  137/2400 ( 5.7%)  reward      211.0   hits  619  false alarms    4  misses    0
t   248.75s  slot   4975/72000  seg   8  found  137/2400 ( 5.7%)  reward      218.7   hits  627  false alarms    4  misses    0
t   250.90s  slot   5018/72000  seg   8  found  137/2400 ( 5.7%)  reward      222.2   hits  634  false alarms    5  misses    0
t   252.60s  slot   5052/72000  seg   8  found  138/2400 ( 5.8%)  reward      227.0   hits  640  false alarms    5  misses    0
t   254.40s  slot   5088/72000  seg   8  found  138/2400 ( 5.8%)  reward      227.8   hits  643  false alarms    5  misses    0
t   256.15s  slot   5123/72000  seg   8  found  138/2400 ( 5.8%)  reward      231.9   hits  648  false alarms    5  misses    0
t   257.95s  slot   5159/72000  seg   8  found  138/2400 ( 5.8%)  reward      235.8   hits  653  false alarms    5  misses    0
t   259.75s  slot   5195/72000  seg   8  found  138/2400 ( 5.8%)  reward      241.3   hits  661  false alarms    5  misses    0
t   261.80s  slot   5236/72000  seg   8  found  138/2400 ( 5.8%)  reward      246.5   hits  669  false alarms    5  misses    0
t   263.25s  slot   5265/72000  seg   8  found  140/2400 ( 5.8%)  reward      252.7   hits  674  false alarms    5  misses    0
t   265.00s  slot   5300/72000  seg   8  found  140/2400 ( 5.8%)  reward      255.6   hits  678  false alarms    5  misses    0
t   266.80s  slot   5336/72000  seg   8  found  140/2400 ( 5.8%)  reward      263.3   hits  687  false alarms    5  misses    0
t   268.75s  slot   5375/72000  seg   8  found  140/2400 ( 5.8%)  reward      262.6   hits  689  false alarms    5  misses    0
t   270.50s  slot   5410/72000  seg   9  found  146/2400 ( 6.1%)  reward      270.3   hits  698  false alarms    5  misses    0
t   272.20s  slot   5444/72000  seg   9  found  148/2400 ( 6.2%)  reward      270.4   hits  701  false alarms    5  misses    0
t   274.30s  slot   5486/72000  seg   9  found  150/2400 ( 6.2%)  reward      268.7   hits  702  false alarms    5  misses    0
t   276.30s  slot   5526/72000  seg   9  found  150/2400 ( 6.2%)  reward      269.7   hits  705  false alarms    5  misses    0
t   278.05s  slot   5561/72000  seg   9  found  153/2400 ( 6.4%)  reward      271.1   hits  709  false alarms    5  misses    0
t   280.20s  slot   5604/72000  seg   9  found  153/2400 ( 6.4%)  reward      267.8   hits  710  false alarms    5  misses    0
t   282.05s  slot   5641/72000  seg   9  found  155/2400 ( 6.5%)  reward      267.4   hits  711  false alarms    5  misses    0
t   283.80s  slot   5676/72000  seg   9  found  157/2400 ( 6.5%)  reward      272.2   hits  716  false alarms    5  misses    0
t   285.35s  slot   5707/72000  seg   9  found  157/2400 ( 6.5%)  reward      272.1   hits  719  false alarms    5  misses    0
t   286.80s  slot   5736/72000  seg   9  found  158/2400 ( 6.6%)  reward      270.9   hits  722  false alarms    5  misses    0
t   288.05s  slot   5761/72000  seg   9  found  158/2400 ( 6.6%)  reward      273.9   hits  726  false alarms    5  misses    0
t   289.60s  slot   5792/72000  seg   9  found  158/2400 ( 6.6%)  reward      279.1   hits  732  false alarms    5  misses    0
t   291.20s  slot   5824/72000  seg   9  found  158/2400 ( 6.6%)  reward      279.4   hits  736  false alarms    5  misses    0
t   292.65s  slot   5853/72000  seg   9  found  158/2400 ( 6.6%)  reward      280.9   hits  738  false alarms    5  misses    0
t   294.70s  slot   5894/72000  seg   9  found  158/2400 ( 6.6%)  reward      277.3   hits  739  false alarms    5  misses    0
t   296.45s  slot   5929/72000  seg   9  found  158/2400 ( 6.6%)  reward      276.9   hits  742  false alarms    5  misses    0
t   298.25s  slot   5965/72000  seg   9  found  158/2400 ( 6.6%)  reward      282.1   hits  748  false alarms    5  misses    0
t   299.95s  slot   5999/72000  seg   9  found  158/2400 ( 6.6%)  reward      284.1   hits  752  false alarms    5  misses    0
t   301.35s  slot   6027/72000  seg  10  found  172/2400 ( 7.2%)  reward      296.5   hits  762  false alarms    5  misses    0
t   303.30s  slot   6066/72000  seg  10  found  172/2400 ( 7.2%)  reward      298.1   hits  764  false alarms    5  misses    0
t   305.35s  slot   6107/72000  seg  10  found  172/2400 ( 7.2%)  reward      293.2   hits  766  false alarms    5  misses    0
t   307.35s  slot   6147/72000  seg  10  found  174/2400 ( 7.2%)  reward      292.1   hits  768  false alarms    6  misses    0
t   309.20s  slot   6184/72000  seg  10  found  176/2400 ( 7.3%)  reward      298.3   hits  772  false alarms    6  misses    0
t   310.90s  slot   6218/72000  seg  10  found  176/2400 ( 7.3%)  reward      301.1   hits  776  false alarms    6  misses    0
t   312.55s  slot   6251/72000  seg  10  found  176/2400 ( 7.3%)  reward      304.6   hits  781  false alarms    6  misses    0
t   314.10s  slot   6282/72000  seg  10  found  176/2400 ( 7.3%)  reward      315.1   hits  792  false alarms    6  misses    0
t   316.10s  slot   6322/72000  seg  10  found  176/2400 ( 7.3%)  reward      324.2   hits  802  false alarms    6  misses    0
t   317.80s  slot   6356/72000  seg  10  found  176/2400 ( 7.3%)  reward      327.7   hits  807  false alarms    6  misses    0
t   319.80s  slot   6396/72000  seg  10  found  178/2400 ( 7.4%)  reward      335.9   hits  817  false alarms    6  misses    0
t   321.75s  slot   6435/72000  seg  10  found  178/2400 ( 7.4%)  reward      347.3   hits  830  false alarms    6  misses    0
t   323.15s  slot   6463/72000  seg  10  found  178/2400 ( 7.4%)  reward      352.2   hits  835  false alarms    6  misses    0
t   324.80s  slot   6496/72000  seg  10  found  178/2400 ( 7.4%)  reward      352.4   hits  838  false alarms    6  misses    0
t   326.70s  slot   6534/72000  seg  10  found  178/2400 ( 7.4%)  reward      353.5   hits  842  false alarms    6  misses    0
t   328.90s  slot   6578/72000  seg  10  found  178/2400 ( 7.4%)  reward      356.0   hits  846  false alarms    6  misses    0
t   330.85s  slot   6617/72000  seg  11  found  181/2400 ( 7.5%)  reward      359.1   hits  851  false alarms    6  misses    0
t   332.95s  slot   6659/72000  seg  11  found  190/2400 ( 7.9%)  reward      366.0   hits  861  false alarms    6  misses    0
t   334.75s  slot   6695/72000  seg  11  found  191/2400 ( 8.0%)  reward      370.5   hits  867  false alarms    6  misses    0
t   336.40s  slot   6728/72000  seg  11  found  193/2400 ( 8.0%)  reward      373.1   hits  871  false alarms    6  misses    0
t   338.50s  slot   6770/72000  seg  11  found  195/2400 ( 8.1%)  reward      378.1   hits  879  false alarms    6  misses    0
t   340.60s  slot   6812/72000  seg  11  found  195/2400 ( 8.1%)  reward      382.3   hits  885  false alarms    6  misses    0
t   342.40s  slot   6848/72000  seg  11  found  196/2400 ( 8.2%)  reward      388.2   hits  891  false alarms    6  misses    0
t   343.75s  slot   6875/72000  seg  11  found  196/2400 ( 8.2%)  reward      392.4   hits  897  false alarms    6  misses    0
t   345.65s  slot   6913/72000  seg  11  found  196/2400 ( 8.2%)  reward      396.1   hits  903  false alarms    6  misses    0
t   347.45s  slot   6949/72000  seg  11  found  196/2400 ( 8.2%)  reward      395.7   hits  906  false alarms    6  misses    0
t   349.45s  slot   6989/72000  seg  11  found  196/2400 ( 8.2%)  reward      398.1   hits  910  false alarms    6  misses    0
t   351.75s  slot   7035/72000  seg  11  found  196/2400 ( 8.2%)  reward      397.4   hits  912  false alarms    7  misses    0
t   353.85s  slot   7077/72000  seg  11  found  196/2400 ( 8.2%)  reward      399.3   hits  916  false alarms    7  misses    0
t   355.80s  slot   7116/72000  seg  11  found  196/2400 ( 8.2%)  reward      398.0   hits  917  false alarms    7  misses    0
t   357.80s  slot   7156/72000  seg  11  found  196/2400 ( 8.2%)  reward      396.0   hits  920  false alarms    7  misses    0
t   359.70s  slot   7194/72000  seg  11  found  196/2400 ( 8.2%)  reward      401.5   hits  926  false alarms    7  misses    0
t   361.50s  slot   7230/72000  seg  12  found  207/2400 ( 8.6%)  reward      405.9   hits  933  false alarms    7  misses    0
t   363.20s  slot   7264/72000  seg  12  found  209/2400 ( 8.7%)  reward      411.7   hits  941  false alarms    7  misses    0
t   364.85s  slot   7297/72000  seg  12  found  211/2400 ( 8.8%)  reward      412.4   hits  942  false alarms    7  misses    0
t   366.50s  slot   7330/72000  seg  12  found  215/2400 ( 9.0%)  reward      420.3   hits  949  false alarms    7  misses    0
t   368.35s  slot   7367/72000  seg  12  found  216/2400 ( 9.0%)  reward      424.4   hits  955  false alarms    7  misses    0
t   370.20s  slot   7404/72000  seg  12  found  216/2400 ( 9.0%)  reward      427.1   hits  959  false alarms    7  misses    0
t   372.15s  slot   7443/72000  seg  12  found  216/2400 ( 9.0%)  reward      433.1   hits  967  false alarms    7  misses    0
t   374.10s  slot   7482/72000  seg  12  found  216/2400 ( 9.0%)  reward      436.1   hits  973  false alarms    7  misses    0
t   375.75s  slot   7515/72000  seg  12  found  216/2400 ( 9.0%)  reward      442.6   hits  980  false alarms    7  misses    0
t   377.80s  slot   7556/72000  seg  12  found  216/2400 ( 9.0%)  reward      444.4   hits  985  false alarms    7  misses    0
t   379.25s  slot   7585/72000  seg  12  found  216/2400 ( 9.0%)  reward      448.9   hits  990  false alarms    7  misses    0
t   380.95s  slot   7619/72000  seg  12  found  216/2400 ( 9.0%)  reward      449.3   hits  993  false alarms    7  misses    0
t   382.70s  slot   7654/72000  seg  12  found  216/2400 ( 9.0%)  reward      455.0   hits  998  false alarms    7  misses    0
t   384.65s  slot   7693/72000  seg  12  found  216/2400 ( 9.0%)  reward      455.0   hits 1002  false alarms    7  misses    0
t   386.75s  slot   7735/72000  seg  12  found  216/2400 ( 9.0%)  reward      453.9   hits 1004  false alarms    7  misses    0
t   388.05s  slot   7761/72000  seg  12  found  216/2400 ( 9.0%)  reward      463.2   hits 1013  false alarms    7  misses    0
t   389.65s  slot   7793/72000  seg  12  found  216/2400 ( 9.0%)  reward      460.0   hits 1014  false alarms    7  misses    0
t   391.20s  slot   7824/72000  seg  13  found  224/2400 ( 9.3%)  reward      466.5   hits 1022  false alarms    7  misses    0
t   392.65s  slot   7853/72000  seg  13  found  226/2400 ( 9.4%)  reward      469.4   hits 1026  false alarms    7  misses    0
t   394.45s  slot   7889/72000  seg  13  found  230/2400 ( 9.6%)  reward      472.9   hits 1031  false alarms    7  misses    0
t   396.05s  slot   7921/72000  seg  13  found  230/2400 ( 9.6%)  reward      475.1   hits 1035  false alarms    7  misses    0
t   398.10s  slot   7962/72000  seg  13  found  230/2400 ( 9.6%)  reward      474.7   hits 1036  false alarms    7  misses    0
t   399.45s  slot   7989/72000  seg  13  found  232/2400 ( 9.7%)  reward      479.6   hits 1041  false alarms    7  misses    0
t   401.05s  slot   8021/72000  seg  13  found  232/2400 ( 9.7%)  reward      482.9   hits 1046  false alarms    7  misses    0
t   402.80s  slot   8056/72000  seg  13  found  234/2400 ( 9.8%)  reward      493.1   hits 1056  false alarms    7  misses    0
t   404.70s  slot   8094/72000  seg  13  found  234/2400 ( 9.8%)  reward      495.2   hits 1060  false alarms    7  misses    0
t   406.35s  slot   8127/72000  seg  13  found  236/2400 ( 9.8%)  reward      501.0   hits 1066  false alarms    7  misses    0
t   408.05s  slot   8161/72000  seg  13  found  236/2400 ( 9.8%)  reward      507.7   hits 1074  false alarms    7  misses    0
t   409.85s  slot   8197/72000  seg  13  found  236/2400 ( 9.8%)  reward      513.1   hits 1080  false alarms    7  misses    0
t   411.50s  slot   8230/72000  seg  13  found  236/2400 ( 9.8%)  reward      517.5   hits 1085  false alarms    7  misses    0
t   413.30s  slot   8266/72000  seg  13  found  236/2400 ( 9.8%)  reward      519.2   hits 1088  false alarms    7  misses    0
t   415.00s  slot   8300/72000  seg  13  found  236/2400 ( 9.8%)  reward      527.7   hits 1098  false alarms    7  misses    0
t   416.55s  slot   8331/72000  seg  13  found  236/2400 ( 9.8%)  reward      536.9   hits 1107  false alarms    7  misses    0
t   418.45s  slot   8369/72000  seg  13  found  236/2400 ( 9.8%)  reward      544.3   hits 1116  false alarms    7  misses    0
t   420.05s  slot   8401/72000  seg  14  found  238/2400 ( 9.9%)  reward      552.5   hits 1125  false alarms    7  misses    0
t   421.60s  slot   8432/72000  seg  14  found  248/2400 (10.3%)  reward      556.5   hits 1130  false alarms    7  misses    0
t   422.95s  slot   8459/72000  seg  14  found  250/2400 (10.4%)  reward      558.8   hits 1134  false alarms    8  misses    0
t   424.35s  slot   8487/72000  seg  14  found  253/2400 (10.5%)  reward      564.3   hits 1141  false alarms    8  misses    0
t   426.10s  slot   8522/72000  seg  14  found  253/2400 (10.5%)  reward      569.4   hits 1148  false alarms    8  misses    0
t   427.95s  slot   8559/72000  seg  14  found  256/2400 (10.7%)  reward      576.7   hits 1155  false alarms    9  misses    0
t   429.95s  slot   8599/72000  seg  14  found  256/2400 (10.7%)  reward      582.1   hits 1161  false alarms    9  misses    0
t   432.20s  slot   8644/72000  seg  14  found  256/2400 (10.7%)  reward      585.9   hits 1168  false alarms    9  misses    0
t   434.25s  slot   8685/72000  seg  14  found  256/2400 (10.7%)  reward      589.4   hits 1174  false alarms    9  misses    0
t   435.95s  slot   8719/72000  seg  14  found  256/2400 (10.7%)  reward      593.4   hits 1178  false alarms    9  misses    0
t   437.25s  slot   8745/72000  seg  14  found  256/2400 (10.7%)  reward      594.8   hits 1182  false alarms    9  misses    0
t   439.00s  slot   8780/72000  seg  14  found  256/2400 (10.7%)  reward      595.4   hits 1186  false alarms    9  misses    0
t   440.80s  slot   8816/72000  seg  14  found  256/2400 (10.7%)  reward      605.0   hits 1196  false alarms    9  misses    0
t   442.65s  slot   8853/72000  seg  14  found  256/2400 (10.7%)  reward      609.3   hits 1200  false alarms    9  misses    0
t   444.70s  slot   8894/72000  seg  14  found  256/2400 (10.7%)  reward      611.3   hits 1206  false alarms    9  misses    0
t   446.75s  slot   8935/72000  seg  14  found  256/2400 (10.7%)  reward      611.8   hits 1210  false alarms    9  misses    0
t   448.60s  slot   8972/72000  seg  14  found  256/2400 (10.7%)  reward      617.9   hits 1217  false alarms   10  misses    0
t   449.70s  slot   8994/72000  seg  14  found  256/2400 (10.7%)  reward      618.0   hits 1218  false alarms   10  misses    0
t   451.75s  slot   9035/72000  seg  15  found  267/2400 (11.1%)  reward      621.7   hits 1224  false alarms   10  misses    0
t   453.80s  slot   9076/72000  seg  15  found  270/2400 (11.2%)  reward      624.2   hits 1230  false alarms   10  misses    0
t   455.80s  slot   9116/72000  seg  15  found  274/2400 (11.4%)  reward      632.8   hits 1239  false alarms   10  misses    0
t   457.45s  slot   9149/72000  seg  15  found  274/2400 (11.4%)  reward      640.8   hits 1248  false alarms   10  misses    0
t   458.65s  slot   9173/72000  seg  15  found  274/2400 (11.4%)  reward      642.9   hits 1251  false alarms   10  misses    0
t   460.00s  slot   9200/72000  seg  15  found  276/2400 (11.5%)  reward      651.8   hits 1260  false alarms   10  misses    0
t   461.85s  slot   9237/72000  seg  15  found  276/2400 (11.5%)  reward      659.3   hits 1268  false alarms   10  misses    0
t   463.50s  slot   9270/72000  seg  15  found  276/2400 (11.5%)  reward      661.5   hits 1271  false alarms   10  misses    0
t   465.15s  slot   9303/72000  seg  15  found  276/2400 (11.5%)  reward      666.5   hits 1276  false alarms   10  misses    0
t   466.95s  slot   9339/72000  seg  15  found  276/2400 (11.5%)  reward      672.4   hits 1283  false alarms   10  misses    0
t   468.65s  slot   9373/72000  seg  15  found  276/2400 (11.5%)  reward      682.8   hits 1294  false alarms   10  misses    0
t   470.55s  slot   9411/72000  seg  15  found  276/2400 (11.5%)  reward      685.3   hits 1300  false alarms   10  misses    0
t   472.25s  slot   9445/72000  seg  15  found  276/2400 (11.5%)  reward      688.0   hits 1305  false alarms   10  misses    0
t   473.75s  slot   9475/72000  seg  15  found  276/2400 (11.5%)  reward      695.4   hits 1312  false alarms   10  misses    0
t   475.50s  slot   9510/72000  seg  15  found  276/2400 (11.5%)  reward      698.6   hits 1317  false alarms   10  misses    0
t   477.40s  slot   9548/72000  seg  15  found  276/2400 (11.5%)  reward      703.7   hits 1324  false alarms   10  misses    0
t   479.10s  slot   9582/72000  seg  15  found  276/2400 (11.5%)  reward      708.0   hits 1329  false alarms   10  misses    0
t   480.75s  slot   9615/72000  seg  16  found  282/2400 (11.8%)  reward      713.9   hits 1335  false alarms   10  misses    0
t   482.20s  slot   9644/72000  seg  16  found  288/2400 (12.0%)  reward      719.1   hits 1342  false alarms   10  misses    0
t   483.55s  slot   9671/72000  seg  16  found  290/2400 (12.1%)  reward      724.0   hits 1347  false alarms   11  misses    0
t   485.15s  slot   9703/72000  seg  16  found  292/2400 (12.2%)  reward      722.5   hits 1349  false alarms   11  misses    0
t   486.45s  slot   9729/72000  seg  16  found  292/2400 (12.2%)  reward      723.7   hits 1350  false alarms   11  misses    0
t   488.30s  slot   9766/72000  seg  16  found  292/2400 (12.2%)  reward      730.5   hits 1357  false alarms   11  misses    0
t   490.00s  slot   9800/72000  seg  16  found  292/2400 (12.2%)  reward      733.2   hits 1362  false alarms   11  misses    0
t   491.80s  slot   9836/72000  seg  16  found  292/2400 (12.2%)  reward      735.4   hits 1366  false alarms   11  misses    0
t   493.45s  slot   9869/72000  seg  16  found  292/2400 (12.2%)  reward      737.0   hits 1368  false alarms   11  misses    0
t   494.95s  slot   9899/72000  seg  16  found  294/2400 (12.2%)  reward      744.7   hits 1376  false alarms   11  misses    0
t   496.45s  slot   9929/72000  seg  16  found  294/2400 (12.2%)  reward      748.5   hits 1381  false alarms   11  misses    0
t   498.25s  slot   9965/72000  seg  16  found  294/2400 (12.2%)  reward      752.3   hits 1386  false alarms   11  misses    0
t   500.30s  slot  10006/72000  seg  16  found  294/2400 (12.2%)  reward      751.5   hits 1390  false alarms   11  misses    0
t   502.00s  slot  10040/72000  seg  16  found  294/2400 (12.2%)  reward      761.8   hits 1401  false alarms   11  misses    0
t   503.65s  slot  10073/72000  seg  16  found  295/2400 (12.3%)  reward      768.5   hits 1408  false alarms   11  misses    0
t   505.20s  slot  10104/72000  seg  16  found  295/2400 (12.3%)  reward      775.1   hits 1415  false alarms   11  misses    0
t   507.15s  slot  10143/72000  seg  16  found  296/2400 (12.3%)  reward      780.8   hits 1422  false alarms   11  misses    0
t   509.00s  slot  10180/72000  seg  16  found  296/2400 (12.3%)  reward      784.8   hits 1428  false alarms   11  misses    0
t   510.70s  slot  10214/72000  seg  17  found  296/2400 (12.3%)  reward      784.5   hits 1430  false alarms   11  misses    0
---------------------------------
| rollout/           |          |
|    ep_len_mean     | 406      |
|    ep_rew_mean     | 496      |
| time/              |          |
|    fps             | 250      |
|    iterations      | 1        |
|    time_elapsed    | 32       |
|    total_timesteps | 811008   |
---------------------------------
t   510.75s  slot  10215/72000  seg  17  found  296/2400 (12.3%)  reward      784.5   hits 1430  false alarms   11  misses    0
t   512.65s  slot  10253/72000  seg  17  found  304/2400 (12.7%)  reward      789.3   hits 1437  false alarms   11  misses    0
t   514.20s  slot  10284/72000  seg  17  found  312/2400 (13.0%)  reward      798.2   hits 1446  false alarms   11  misses    0
t   516.00s  slot  10320/72000  seg  17  found  312/2400 (13.0%)  reward      805.2   hits 1453  false alarms   11  misses    0
t   517.75s  slot  10355/72000  seg  17  found  314/2400 (13.1%)  reward      814.9   hits 1464  false alarms   11  misses    0
t   519.20s  slot  10384/72000  seg  17  found  314/2400 (13.1%)  reward      820.0   hits 1472  false alarms   11  misses    0
t   521.00s  slot  10420/72000  seg  17  found  314/2400 (13.1%)  reward      825.0   hits 1478  false alarms   11  misses    0
t   522.70s  slot  10454/72000  seg  17  found  314/2400 (13.1%)  reward      830.5   hits 1485  false alarms   11  misses    0
t   524.85s  slot  10497/72000  seg  17  found  316/2400 (13.2%)  reward      834.9   hits 1492  false alarms   11  misses    0
t   526.70s  slot  10534/72000  seg  17  found  316/2400 (13.2%)  reward      838.8   hits 1497  false alarms   11  misses    0
t   528.70s  slot  10574/72000  seg  17  found  316/2400 (13.2%)  reward      840.1   hits 1501  false alarms   11  misses    0
t   530.70s  slot  10614/72000  seg  17  found  316/2400 (13.2%)  reward      846.7   hits 1507  false alarms   11  misses    0
t   533.00s  slot  10660/72000  seg  17  found  316/2400 (13.2%)  reward      846.3   hits 1512  false alarms   11  misses    0
t   535.10s  slot  10702/72000  seg  17  found  316/2400 (13.2%)  reward      847.4   hits 1515  false alarms   11  misses    0
t   536.75s  slot  10735/72000  seg  17  found  316/2400 (13.2%)  reward      851.9   hits 1521  false alarms   11  misses    0
t   538.75s  slot  10775/72000  seg  17  found  316/2400 (13.2%)  reward      855.3   hits 1526  false alarms   11  misses    0
t   540.60s  slot  10812/72000  seg  18  found  321/2400 (13.4%)  reward      863.2   hits 1534  false alarms   11  misses    0
t   542.60s  slot  10852/72000  seg  18  found  327/2400 (13.6%)  reward      870.8   hits 1543  false alarms   11  misses    0
t   544.30s  slot  10886/72000  seg  18  found  332/2400 (13.8%)  reward      882.5   hits 1554  false alarms   11  misses    0
t   546.00s  slot  10920/72000  seg  18  found  332/2400 (13.8%)  reward      887.9   hits 1560  false alarms   11  misses    0
t   547.95s  slot  10959/72000  seg  18  found  334/2400 (13.9%)  reward      890.6   hits 1565  false alarms   11  misses    0
t   550.00s  slot  11000/72000  seg  18  found  334/2400 (13.9%)  reward      892.6   hits 1570  false alarms   11  misses    0
t   551.85s  slot  11037/72000  seg  18  found  336/2400 (14.0%)  reward      904.3   hits 1582  false alarms   11  misses    0
t   553.50s  slot  11070/72000  seg  18  found  336/2400 (14.0%)  reward      912.4   hits 1590  false alarms   12  misses    0
t   555.45s  slot  11109/72000  seg  18  found  336/2400 (14.0%)  reward      911.9   hits 1593  false alarms   12  misses    0
t   557.15s  slot  11143/72000  seg  18  found  336/2400 (14.0%)  reward      915.6   hits 1598  false alarms   12  misses    0
t   559.00s  slot  11180/72000  seg  18  found  336/2400 (14.0%)  reward      923.2   hits 1607  false alarms   12  misses    0
t   561.15s  slot  11223/72000  seg  18  found  336/2400 (14.0%)  reward      927.8   hits 1614  false alarms   12  misses    0
t   562.90s  slot  11258/72000  seg  18  found  336/2400 (14.0%)  reward      938.3   hits 1625  false alarms   12  misses    0
t   564.65s  slot  11293/72000  seg  18  found  336/2400 (14.0%)  reward      945.5   hits 1633  false alarms   12  misses    0
t   566.35s  slot  11327/72000  seg  18  found  336/2400 (14.0%)  reward      949.4   hits 1637  false alarms   12  misses    0
t   568.10s  slot  11362/72000  seg  18  found  336/2400 (14.0%)  reward      953.9   hits 1643  false alarms   12  misses    0
t   569.80s  slot  11396/72000  seg  18  found  336/2400 (14.0%)  reward      961.5   hits 1652  false alarms   12  misses    0
t   571.60s  slot  11432/72000  seg  19  found  343/2400 (14.3%)  reward      966.2   hits 1658  false alarms   12  misses    0
t   573.55s  slot  11471/72000  seg  19  found  349/2400 (14.5%)  reward      974.1   hits 1666  false alarms   12  misses    0
t   575.50s  slot  11510/72000  seg  19  found  349/2400 (14.5%)  reward      978.9   hits 1673  false alarms   12  misses    0
t   577.45s  slot  11549/72000  seg  19  found  352/2400 (14.7%)  reward      986.9   hits 1683  false alarms   12  misses    0
t   579.50s  slot  11590/72000  seg  19  found  354/2400 (14.8%)  reward      995.5   hits 1694  false alarms   12  misses    0
t   581.40s  slot  11628/72000  seg  19  found  355/2400 (14.8%)  reward     1008.6   hits 1708  false alarms   12  misses    0
t   583.10s  slot  11662/72000  seg  19  found  355/2400 (14.8%)  reward     1018.0   hits 1717  false alarms   12  misses    0
t   584.90s  slot  11698/72000  seg  19  found  355/2400 (14.8%)  reward     1021.5   hits 1721  false alarms   12  misses    0
t   586.55s  slot  11731/72000  seg  19  found  355/2400 (14.8%)  reward     1025.3   hits 1726  false alarms   12  misses    0
t   588.20s  slot  11764/72000  seg  19  found  355/2400 (14.8%)  reward     1030.3   hits 1732  false alarms   12  misses    0
t   590.05s  slot  11801/72000  seg  19  found  355/2400 (14.8%)  reward     1030.2   hits 1733  false alarms   12  misses    0
t   592.15s  slot  11843/72000  seg  19  found  356/2400 (14.8%)  reward     1033.3   hits 1737  false alarms   12  misses    0
t   593.40s  slot  11868/72000  seg  19  found  356/2400 (14.8%)  reward     1038.6   hits 1742  false alarms   12  misses    0
t   595.35s  slot  11907/72000  seg  19  found  356/2400 (14.8%)  reward     1040.9   hits 1747  false alarms   12  misses    0
t   597.15s  slot  11943/72000  seg  19  found  356/2400 (14.8%)  reward     1048.8   hits 1755  false alarms   12  misses    0
t   598.80s  slot  11976/72000  seg  19  found  356/2400 (14.8%)  reward     1052.6   hits 1761  false alarms   12  misses    0
t   600.75s  slot  12015/72000  seg  20  found  360/2400 (15.0%)  reward     1061.1   hits 1770  false alarms   12  misses    0
t   602.75s  slot  12055/72000  seg  20  found  370/2400 (15.4%)  reward     1065.1   hits 1777  false alarms   12  misses    0
t   604.35s  slot  12087/72000  seg  20  found  370/2400 (15.4%)  reward     1071.1   hits 1783  false alarms   12  misses    0
t   606.30s  slot  12126/72000  seg  20  found  374/2400 (15.6%)  reward     1074.2   hits 1787  false alarms   12  misses    0
t   607.75s  slot  12155/72000  seg  20  found  376/2400 (15.7%)  reward     1083.6   hits 1796  false alarms   12  misses    0
t   609.60s  slot  12192/72000  seg  20  found  376/2400 (15.7%)  reward     1090.1   hits 1804  false alarms   12  misses    0
t   611.25s  slot  12225/72000  seg  20  found  376/2400 (15.7%)  reward     1095.1   hits 1810  false alarms   12  misses    0
t   613.20s  slot  12264/72000  seg  20  found  376/2400 (15.7%)  reward     1098.7   hits 1816  false alarms   13  misses    0
t   614.90s  slot  12298/72000  seg  20  found  376/2400 (15.7%)  reward     1107.1   hits 1825  false alarms   13  misses    0
t   616.45s  slot  12329/72000  seg  20  found  376/2400 (15.7%)  reward     1119.6   hits 1837  false alarms   13  misses    0
t   618.15s  slot  12363/72000  seg  20  found  376/2400 (15.7%)  reward     1130.4   hits 1849  false alarms   13  misses    0
t   620.15s  slot  12403/72000  seg  20  found  376/2400 (15.7%)  reward     1130.4   hits 1853  false alarms   13  misses    0
t   622.00s  slot  12440/72000  seg  20  found  376/2400 (15.7%)  reward     1135.7   hits 1861  false alarms   13  misses    0
t   623.65s  slot  12473/72000  seg  20  found  376/2400 (15.7%)  reward     1137.4   hits 1864  false alarms   13  misses    0
t   625.40s  slot  12508/72000  seg  20  found  376/2400 (15.7%)  reward     1147.5   hits 1874  false alarms   13  misses    0
t   627.10s  slot  12542/72000  seg  20  found  376/2400 (15.7%)  reward     1151.7   hits 1880  false alarms   13  misses    0
t   628.95s  slot  12579/72000  seg  20  found  376/2400 (15.7%)  reward     1155.0   hits 1885  false alarms   14  misses    0
t   630.55s  slot  12611/72000  seg  21  found  382/2400 (15.9%)  reward     1167.4   hits 1895  false alarms   14  misses    0
t   632.20s  slot  12644/72000  seg  21  found  388/2400 (16.2%)  reward     1171.2   hits 1901  false alarms   14  misses    0
t   633.95s  slot  12679/72000  seg  21  found  390/2400 (16.2%)  reward     1173.5   hits 1906  false alarms   14  misses    0
t   635.60s  slot  12712/72000  seg  21  found  390/2400 (16.2%)  reward     1175.1   hits 1909  false alarms   14  misses    0
t   637.30s  slot  12746/72000  seg  21  found  392/2400 (16.3%)  reward     1178.7   hits 1913  false alarms   14  misses    0
t   639.10s  slot  12782/72000  seg  21  found  392/2400 (16.3%)  reward     1186.6   hits 1922  false alarms   14  misses    0
t   640.55s  slot  12811/72000  seg  21  found  392/2400 (16.3%)  reward     1194.0   hits 1930  false alarms   14  misses    0
t   642.10s  slot  12842/72000  seg  21  found  392/2400 (16.3%)  reward     1198.4   hits 1936  false alarms   14  misses    0
t   643.65s  slot  12873/72000  seg  21  found  392/2400 (16.3%)  reward     1200.2   hits 1940  false alarms   14  misses    0
t   645.35s  slot  12907/72000  seg  21  found  392/2400 (16.3%)  reward     1201.8   hits 1944  false alarms   14  misses    0
t   647.20s  slot  12944/72000  seg  21  found  392/2400 (16.3%)  reward     1206.4   hits 1949  false alarms   14  misses    0
t   648.90s  slot  12978/72000  seg  21  found  392/2400 (16.3%)  reward     1211.5   hits 1956  false alarms   14  misses    0
t   651.00s  slot  13020/72000  seg  21  found  392/2400 (16.3%)  reward     1213.8   hits 1962  false alarms   14  misses    0
t   652.95s  slot  13059/72000  seg  21  found  392/2400 (16.3%)  reward     1213.7   hits 1966  false alarms   14  misses    0
t   654.65s  slot  13093/72000  seg  21  found  392/2400 (16.3%)  reward     1219.6   hits 1973  false alarms   14  misses    0
t   656.50s  slot  13130/72000  seg  21  found  392/2400 (16.3%)  reward     1224.2   hits 1979  false alarms   14  misses    0
t   658.05s  slot  13161/72000  seg  21  found  394/2400 (16.4%)  reward     1229.2   hits 1986  false alarms   14  misses    0
t   659.95s  slot  13199/72000  seg  21  found  394/2400 (16.4%)  reward     1237.1   hits 1994  false alarms   14  misses    0
t   661.55s  slot  13231/72000  seg  22  found  400/2400 (16.7%)  reward     1241.8   hits 2000  false alarms   14  misses    0
t   663.20s  slot  13264/72000  seg  22  found  400/2400 (16.7%)  reward     1244.5   hits 2004  false alarms   14  misses    0
t   664.20s  slot  13284/72000  seg  22  found  402/2400 (16.8%)  reward     1247.6   hits 2008  false alarms   14  misses    0
t   665.35s  slot  13307/72000  seg  22  found  406/2400 (16.9%)  reward     1252.4   hits 2014  false alarms   14  misses    0
t   666.55s  slot  13331/72000  seg  22  found  409/2400 (17.0%)  reward     1254.6   hits 2018  false alarms   14  misses    0
t   667.80s  slot  13356/72000  seg  22  found  409/2400 (17.0%)  reward     1251.7   hits 2019  false alarms   14  misses    0
t   668.70s  slot  13374/72000  seg  22  found  410/2400 (17.1%)  reward     1251.4   hits 2020  false alarms   14  misses    0
t   669.55s  slot  13391/72000  seg  22  found  412/2400 (17.2%)  reward     1259.1   hits 2026  false alarms   14  misses    0
t   670.60s  slot  13412/72000  seg  22  found  412/2400 (17.2%)  reward     1264.0   hits 2031  false alarms   14  misses    0
t   671.65s  slot  13433/72000  seg  22  found  412/2400 (17.2%)  reward     1264.0   hits 2031  false alarms   14  misses    0
t   672.80s  slot  13456/72000  seg  22  found  412/2400 (17.2%)  reward     1266.2   hits 2035  false alarms   14  misses    0
t   673.35s  slot  13467/72000  seg  22  found  412/2400 (17.2%)  reward     1268.4   hits 2037  false alarms   14  misses    0
t   673.60s  slot  13472/72000  seg  22  found  412/2400 (17.2%)  reward     1268.8   hits 2038  false alarms   14  misses    0
t   673.90s  slot  13478/72000  seg  22  found  412/2400 (17.2%)  reward     1272.1   hits 2040  false alarms   14  misses    0
t   674.20s  slot  13484/72000  seg  22  found  412/2400 (17.2%)  reward     1271.4   hits 2040  false alarms   14  misses    0
t   675.00s  slot  13500/72000  seg  22  found  412/2400 (17.2%)  reward     1274.0   hits 2044  false alarms   14  misses    0
t   676.10s  slot  13522/72000  seg  22  found  412/2400 (17.2%)  reward     1275.2   hits 2047  false alarms   14  misses    0
t   677.25s  slot  13545/72000  seg  22  found  414/2400 (17.2%)  reward     1282.2   hits 2054  false alarms   14  misses    0
t   678.40s  slot  13568/72000  seg  22  found  414/2400 (17.2%)  reward     1287.3   hits 2060  false alarms   15  misses    0
t   679.65s  slot  13593/72000  seg  22  found  414/2400 (17.2%)  reward     1290.3   hits 2065  false alarms   15  misses    0
t   680.70s  slot  13614/72000  seg  22  found  414/2400 (17.2%)  reward     1293.1   hits 2068  false alarms   15  misses    0
t   681.75s  slot  13635/72000  seg  22  found  414/2400 (17.2%)  reward     1301.0   hits 2075  false alarms   15  misses    0
t   682.25s  slot  13645/72000  seg  22  found  414/2400 (17.2%)  reward     1299.8   hits 2075  false alarms   15  misses    0
t   682.55s  slot  13651/72000  seg  22  found  414/2400 (17.2%)  reward     1299.5   hits 2075  false alarms   15  misses    0
t   682.85s  slot  13657/72000  seg  22  found  414/2400 (17.2%)  reward     1300.6   hits 2076  false alarms   15  misses    0
t   683.35s  slot  13667/72000  seg  22  found  414/2400 (17.2%)  reward     1300.4   hits 2076  false alarms   15  misses    0
t   684.50s  slot  13690/72000  seg  22  found  414/2400 (17.2%)  reward     1301.9   hits 2079  false alarms   15  misses    0
t   685.60s  slot  13712/72000  seg  22  found  414/2400 (17.2%)  reward     1305.2   hits 2083  false alarms   15  misses    0
t   686.90s  slot  13738/72000  seg  22  found  414/2400 (17.2%)  reward     1307.3   hits 2086  false alarms   15  misses    0
t   687.95s  slot  13759/72000  seg  22  found  414/2400 (17.2%)  reward     1311.8   hits 2091  false alarms   15  misses    0
t   689.25s  slot  13785/72000  seg  22  found  414/2400 (17.2%)  reward     1312.3   hits 2094  false alarms   15  misses    0
t   689.45s  slot  13789/72000  seg  22  found  414/2400 (17.2%)  reward     1314.0   hits 2095  false alarms   15  misses    0
t   689.65s  slot  13793/72000  seg  22  found  414/2400 (17.2%)  reward     1315.5   hits 2096  false alarms   15  misses    0
t   690.20s  slot  13804/72000  seg  23  found  414/2400 (17.2%)  reward     1316.8   hits 2099  false alarms   15  misses    0
t   690.55s  slot  13811/72000  seg  23  found  416/2400 (17.3%)  reward     1317.6   hits 2100  false alarms   15  misses    0
t   690.95s  slot  13819/72000  seg  23  found  419/2400 (17.5%)  reward     1320.1   hits 2102  false alarms   15  misses    0
t   691.75s  slot  13835/72000  seg  23  found  419/2400 (17.5%)  reward     1319.4   hits 2102  false alarms   15  misses    0
t   692.05s  slot  13841/72000  seg  23  found  420/2400 (17.5%)  reward     1319.6   hits 2103  false alarms   15  misses    0
t   692.20s  slot  13844/72000  seg  23  found  420/2400 (17.5%)  reward     1319.5   hits 2103  false alarms   15  misses    0
t   692.40s  slot  13848/72000  seg  23  found  424/2400 (17.7%)  reward     1322.0   hits 2105  false alarms   15  misses    0
t   692.55s  slot  13851/72000  seg  23  found  424/2400 (17.7%)  reward     1321.3   hits 2105  false alarms   15  misses    0
t   692.75s  slot  13855/72000  seg  23  found  424/2400 (17.7%)  reward     1321.2   hits 2105  false alarms   15  misses    0
t   693.05s  slot  13861/72000  seg  23  found  424/2400 (17.7%)  reward     1321.6   hits 2105  false alarms   15  misses    0
t   694.50s  slot  13890/72000  seg  23  found  424/2400 (17.7%)  reward     1321.6   hits 2107  false alarms   15  misses    0
t   695.75s  slot  13915/72000  seg  23  found  428/2400 (17.8%)  reward     1328.8   hits 2114  false alarms   15  misses    0
t   697.05s  slot  13941/72000  seg  23  found  428/2400 (17.8%)  reward     1331.6   hits 2118  false alarms   15  misses    0
t   698.15s  slot  13963/72000  seg  23  found  430/2400 (17.9%)  reward     1332.1   hits 2120  false alarms   15  misses    0
t   699.45s  slot  13989/72000  seg  23  found  432/2400 (18.0%)  reward     1338.1   hits 2126  false alarms   15  misses    0
t   700.80s  slot  14016/72000  seg  23  found  432/2400 (18.0%)  reward     1340.0   hits 2129  false alarms   15  misses    0
t   701.80s  slot  14036/72000  seg  23  found  432/2400 (18.0%)  reward     1340.2   hits 2130  false alarms   15  misses    0
t   702.70s  slot  14054/72000  seg  23  found  432/2400 (18.0%)  reward     1343.4   hits 2133  false alarms   15  misses    0
t   703.80s  slot  14076/72000  seg  23  found  432/2400 (18.0%)  reward     1349.7   hits 2140  false alarms   15  misses    0
t   704.90s  slot  14098/72000  seg  23  found  432/2400 (18.0%)  reward     1353.1   hits 2144  false alarms   15  misses    0
t   705.95s  slot  14119/72000  seg  23  found  432/2400 (18.0%)  reward     1359.5   hits 2151  false alarms   15  misses    0
t   706.90s  slot  14138/72000  seg  23  found  434/2400 (18.1%)  reward     1364.7   hits 2156  false alarms   15  misses    0
t   708.10s  slot  14162/72000  seg  23  found  434/2400 (18.1%)  reward     1368.4   hits 2161  false alarms   15  misses    0
t   709.10s  slot  14182/72000  seg  23  found  434/2400 (18.1%)  reward     1373.8   hits 2166  false alarms   16  misses    0
t   710.50s  slot  14210/72000  seg  23  found  434/2400 (18.1%)  reward     1375.1   hits 2169  false alarms   16  misses    0
t   711.60s  slot  14232/72000  seg  23  found  434/2400 (18.1%)  reward     1377.5   hits 2172  false alarms   16  misses    0
t   712.85s  slot  14257/72000  seg  23  found  434/2400 (18.1%)  reward     1384.2   hits 2180  false alarms   16  misses    0
t   713.85s  slot  14277/72000  seg  23  found  434/2400 (18.1%)  reward     1388.3   hits 2185  false alarms   16  misses    0
t   714.90s  slot  14298/72000  seg  23  found  434/2400 (18.1%)  reward     1386.5   hits 2186  false alarms   16  misses    0
t   716.10s  slot  14322/72000  seg  23  found  434/2400 (18.1%)  reward     1385.8   hits 2187  false alarms   16  misses    0
t   717.40s  slot  14348/72000  seg  23  found  434/2400 (18.1%)  reward     1388.1   hits 2191  false alarms   16  misses    0
t   718.80s  slot  14376/72000  seg  23  found  434/2400 (18.1%)  reward     1394.5   hits 2198  false alarms   16  misses    0
t   720.30s  slot  14406/72000  seg  24  found  434/2400 (18.1%)  reward     1395.7   hits 2200  false alarms   16  misses    0
t   721.80s  slot  14436/72000  seg  24  found  438/2400 (18.2%)  reward     1394.0   hits 2202  false alarms   16  misses    0
t   723.60s  slot  14472/72000  seg  24  found  442/2400 (18.4%)  reward     1396.2   hits 2208  false alarms   16  misses    0
t   725.10s  slot  14502/72000  seg  24  found  447/2400 (18.6%)  reward     1403.1   hits 2215  false alarms   16  misses    0
t   726.85s  slot  14537/72000  seg  24  found  451/2400 (18.8%)  reward     1405.7   hits 2220  false alarms   16  misses    0
t   728.70s  slot  14574/72000  seg  24  found  453/2400 (18.9%)  reward     1407.7   hits 2225  false alarms   16  misses    0
t   730.30s  slot  14606/72000  seg  24  found  453/2400 (18.9%)  reward     1410.3   hits 2229  false alarms   16  misses    0
t   732.00s  slot  14640/72000  seg  24  found  454/2400 (18.9%)  reward     1417.9   hits 2237  false alarms   16  misses    0
t   733.50s  slot  14670/72000  seg  24  found  454/2400 (18.9%)  reward     1423.4   hits 2243  false alarms   16  misses    0
t   735.00s  slot  14700/72000  seg  24  found  454/2400 (18.9%)  reward     1432.3   hits 2250  false alarms   16  misses    0
t   736.70s  slot  14734/72000  seg  24  found  454/2400 (18.9%)  reward     1430.8   hits 2251  false alarms   16  misses    0
t   738.35s  slot  14767/72000  seg  24  found  454/2400 (18.9%)  reward     1435.3   hits 2257  false alarms   16  misses    0
t   740.35s  slot  14807/72000  seg  24  found  454/2400 (18.9%)  reward     1435.8   hits 2260  false alarms   16  misses    0
t   742.25s  slot  14845/72000  seg  24  found  454/2400 (18.9%)  reward     1437.7   hits 2265  false alarms   16  misses    0
t   743.85s  slot  14877/72000  seg  24  found  454/2400 (18.9%)  reward     1444.4   hits 2273  false alarms   16  misses    0
t   745.70s  slot  14914/72000  seg  24  found  454/2400 (18.9%)  reward     1446.6   hits 2277  false alarms   16  misses    0
t   747.30s  slot  14946/72000  seg  24  found  454/2400 (18.9%)  reward     1451.8   hits 2283  false alarms   16  misses    0
t   749.30s  slot  14986/72000  seg  24  found  454/2400 (18.9%)  reward     1453.4   hits 2287  false alarms   16  misses    0
t   751.25s  slot  15025/72000  seg  25  found  458/2400 (19.1%)  reward     1453.5   hits 2291  false alarms   16  misses    0
t   753.10s  slot  15062/72000  seg  25  found  466/2400 (19.4%)  reward     1460.5   hits 2297  false alarms   16  misses    0
t   755.00s  slot  15100/72000  seg  25  found  468/2400 (19.5%)  reward     1459.0   hits 2299  false alarms   16  misses    0
t   756.55s  slot  15131/72000  seg  25  found  472/2400 (19.7%)  reward     1464.0   hits 2304  false alarms   16  misses    0
t   758.55s  slot  15171/72000  seg  25  found  472/2400 (19.7%)  reward     1465.0   hits 2309  false alarms   16  misses    0
t   760.45s  slot  15209/72000  seg  25  found  474/2400 (19.8%)  reward     1470.7   hits 2316  false alarms   16  misses    0
t   762.20s  slot  15244/72000  seg  25  found  474/2400 (19.8%)  reward     1479.5   hits 2326  false alarms   16  misses    0
t   763.95s  slot  15279/72000  seg  25  found  474/2400 (19.8%)  reward     1481.9   hits 2330  false alarms   16  misses    0
t   765.70s  slot  15314/72000  seg  25  found  474/2400 (19.8%)  reward     1485.0   hits 2335  false alarms   16  misses    0
t   767.55s  slot  15351/72000  seg  25  found  474/2400 (19.8%)  reward     1491.8   hits 2343  false alarms   16  misses    0
t   769.15s  slot  15383/72000  seg  25  found  474/2400 (19.8%)  reward     1495.5   hits 2350  false alarms   16  misses    0
t   770.55s  slot  15411/72000  seg  25  found  474/2400 (19.8%)  reward     1502.6   hits 2357  false alarms   16  misses    0
t   772.30s  slot  15446/72000  seg  25  found  474/2400 (19.8%)  reward     1503.3   hits 2361  false alarms   17  misses    0
t   773.50s  slot  15470/72000  seg  25  found  474/2400 (19.8%)  reward     1511.1   hits 2369  false alarms   17  misses    0
t   774.95s  slot  15499/72000  seg  25  found  474/2400 (19.8%)  reward     1516.6   hits 2375  false alarms   17  misses    0
t   776.65s  slot  15533/72000  seg  25  found  474/2400 (19.8%)  reward     1521.0   hits 2382  false alarms   17  misses    0
t   778.30s  slot  15566/72000  seg  25  found  474/2400 (19.8%)  reward     1529.3   hits 2390  false alarms   17  misses    0
t   780.00s  slot  15600/72000  seg  26  found  474/2400 (19.8%)  reward     1531.4   hits 2395  false alarms   17  misses    0
t   781.05s  slot  15621/72000  seg  26  found  476/2400 (19.8%)  reward     1530.8   hits 2396  false alarms   17  misses    0
t   781.20s  slot  15624/72000  seg  26  found  476/2400 (19.8%)  reward     1530.5   hits 2396  false alarms   17  misses    0
t   781.45s  slot  15629/72000  seg  26  found  478/2400 (19.9%)  reward     1531.8   hits 2397  false alarms   17  misses    0
t   781.95s  slot  15639/72000  seg  26  found  480/2400 (20.0%)  reward     1531.7   hits 2398  false alarms   17  misses    0
t   782.85s  slot  15657/72000  seg  26  found  484/2400 (20.2%)  reward     1533.6   hits 2401  false alarms   17  misses    0
t   784.45s  slot  15689/72000  seg  26  found  486/2400 (20.2%)  reward     1536.0   hits 2404  false alarms   17  misses    0
t   785.75s  slot  15715/72000  seg  26  found  486/2400 (20.2%)  reward     1535.7   hits 2406  false alarms   17  misses    0
t   787.00s  slot  15740/72000  seg  26  found  490/2400 (20.4%)  reward     1542.6   hits 2411  false alarms   17  misses    0
t   788.35s  slot  15767/72000  seg  26  found  492/2400 (20.5%)  reward     1547.8   hits 2418  false alarms   17  misses    0
t   789.20s  slot  15784/72000  seg  26  found  492/2400 (20.5%)  reward     1551.5   hits 2421  false alarms   17  misses    0
t   789.50s  slot  15790/72000  seg  26  found  492/2400 (20.5%)  reward     1552.1   hits 2422  false alarms   17  misses    0
t   790.15s  slot  15803/72000  seg  26  found  492/2400 (20.5%)  reward     1553.6   hits 2424  false alarms   17  misses    0
t   791.10s  slot  15822/72000  seg  26  found  494/2400 (20.6%)  reward     1554.0   hits 2426  false alarms   17  misses    0
t   792.20s  slot  15844/72000  seg  26  found  494/2400 (20.6%)  reward     1556.6   hits 2431  false alarms   17  misses    0
t   793.35s  slot  15867/72000  seg  26  found  494/2400 (20.6%)  reward     1558.6   hits 2434  false alarms   17  misses    0
t   794.60s  slot  15892/72000  seg  26  found  494/2400 (20.6%)  reward     1557.7   hits 2436  false alarms   17  misses    0
t   795.80s  slot  15916/72000  seg  26  found  494/2400 (20.6%)  reward     1562.2   hits 2439  false alarms   17  misses    0
t   796.85s  slot  15937/72000  seg  26  found  494/2400 (20.6%)  reward     1564.7   hits 2443  false alarms   17  misses    0
t   797.20s  slot  15944/72000  seg  26  found  494/2400 (20.6%)  reward     1566.5   hits 2444  false alarms   17  misses    0
t   797.75s  slot  15955/72000  seg  26  found  494/2400 (20.6%)  reward     1568.8   hits 2447  false alarms   17  misses    0
t   798.30s  slot  15966/72000  seg  26  found  494/2400 (20.6%)  reward     1570.4   hits 2449  false alarms   17  misses    0
t   799.20s  slot  15984/72000  seg  26  found  494/2400 (20.6%)  reward     1574.4   hits 2454  false alarms   17  misses    0
t   800.15s  slot  16003/72000  seg  26  found  494/2400 (20.6%)  reward     1576.1   hits 2457  false alarms   17  misses    0
t   801.20s  slot  16024/72000  seg  26  found  494/2400 (20.6%)  reward     1576.6   hits 2458  false alarms   17  misses    0
t   802.40s  slot  16048/72000  seg  26  found  494/2400 (20.6%)  reward     1583.2   hits 2465  false alarms   17  misses    0
t   803.80s  slot  16076/72000  seg  26  found  494/2400 (20.6%)  reward     1583.5   hits 2467  false alarms   17  misses    0
t   804.80s  slot  16096/72000  seg  26  found  494/2400 (20.6%)  reward     1586.0   hits 2470  false alarms   17  misses    0
t   806.30s  slot  16126/72000  seg  26  found  494/2400 (20.6%)  reward     1585.6   hits 2472  false alarms   17  misses    0
t   807.20s  slot  16144/72000  seg  26  found  494/2400 (20.6%)  reward     1589.5   hits 2475  false alarms   17  misses    0
t   807.45s  slot  16149/72000  seg  26  found  494/2400 (20.6%)  reward     1592.2   hits 2477  false alarms   17  misses    0
t   808.45s  slot  16169/72000  seg  26  found  494/2400 (20.6%)  reward     1600.2   hits 2485  false alarms   17  misses    0
t   809.80s  slot  16196/72000  seg  26  found  494/2400 (20.6%)  reward     1599.5   hits 2487  false alarms   17  misses    0
t   810.90s  slot  16218/72000  seg  27  found  502/2400 (20.9%)  reward     1605.2   hits 2493  false alarms   17  misses    0
t   812.55s  slot  16251/72000  seg  27  found  506/2400 (21.1%)  reward     1605.6   hits 2497  false alarms   17  misses    0
t   813.95s  slot  16279/72000  seg  27  found  508/2400 (21.2%)  reward     1608.7   hits 2501  false alarms   17  misses    0
t   815.20s  slot  16304/72000  seg  27  found  512/2400 (21.3%)  reward     1618.9   hits 2510  false alarms   17  misses    0
t   816.45s  slot  16329/72000  seg  27  found  512/2400 (21.3%)  reward     1622.9   hits 2515  false alarms   17  misses    0
t   817.70s  slot  16354/72000  seg  27  found  512/2400 (21.3%)  reward     1628.3   hits 2521  false alarms   17  misses    0
t   819.05s  slot  16381/72000  seg  27  found  512/2400 (21.3%)  reward     1631.0   hits 2524  false alarms   17  misses    0
t   819.25s  slot  16385/72000  seg  27  found  512/2400 (21.3%)  reward     1631.9   hits 2524  false alarms   17  misses    0
t   820.55s  slot  16411/72000  seg  27  found  514/2400 (21.4%)  reward     1636.6   hits 2530  false alarms   17  misses    0
t   821.55s  slot  16431/72000  seg  27  found  514/2400 (21.4%)  reward     1643.1   hits 2536  false alarms   17  misses    0
t   822.40s  slot  16448/72000  seg  27  found  514/2400 (21.4%)  reward     1645.1   hits 2538  false alarms   17  misses    0
t   823.60s  slot  16472/72000  seg  27  found  514/2400 (21.4%)  reward     1646.9   hits 2541  false alarms   17  misses    0
t   824.60s  slot  16492/72000  seg  27  found  514/2400 (21.4%)  reward     1652.6   hits 2547  false alarms   17  misses    0
t   825.60s  slot  16512/72000  seg  27  found  514/2400 (21.4%)  reward     1656.8   hits 2552  false alarms   17  misses    0
t   826.75s  slot  16535/72000  seg  27  found  514/2400 (21.4%)  reward     1662.7   hits 2559  false alarms   17  misses    0
t   828.00s  slot  16560/72000  seg  27  found  514/2400 (21.4%)  reward     1665.6   hits 2563  false alarms   17  misses    0
t   829.05s  slot  16581/72000  seg  27  found  514/2400 (21.4%)  reward     1673.1   hits 2570  false alarms   17  misses    0
t   830.20s  slot  16604/72000  seg  27  found  514/2400 (21.4%)  reward     1674.2   hits 2572  false alarms   17  misses    0
t   831.40s  slot  16628/72000  seg  27  found  514/2400 (21.4%)  reward     1680.1   hits 2580  false alarms   17  misses    0
t   832.45s  slot  16649/72000  seg  27  found  514/2400 (21.4%)  reward     1683.8   hits 2583  false alarms   17  misses    0
t   833.60s  slot  16672/72000  seg  27  found  514/2400 (21.4%)  reward     1684.9   hits 2586  false alarms   17  misses    0
t   834.55s  slot  16691/72000  seg  27  found  514/2400 (21.4%)  reward     1687.9   hits 2589  false alarms   17  misses    0
t   835.70s  slot  16714/72000  seg  27  found  514/2400 (21.4%)  reward     1691.4   hits 2594  false alarms   17  misses    0
t   836.80s  slot  16736/72000  seg  27  found  514/2400 (21.4%)  reward     1697.7   hits 2601  false alarms   17  misses    0
t   838.00s  slot  16760/72000  seg  27  found  514/2400 (21.4%)  reward     1701.6   hits 2605  false alarms   17  misses    0
t   839.35s  slot  16787/72000  seg  27  found  514/2400 (21.4%)  reward     1700.7   hits 2606  false alarms   17  misses    0
t   840.70s  slot  16814/72000  seg  28  found  517/2400 (21.5%)  reward     1701.1   hits 2609  false alarms   17  misses    0
t   841.95s  slot  16839/72000  seg  28  found  525/2400 (21.9%)  reward     1707.4   hits 2616  false alarms   17  misses    0
t   843.40s  slot  16868/72000  seg  28  found  527/2400 (22.0%)  reward     1712.5   hits 2623  false alarms   17  misses    0
t   844.80s  slot  16896/72000  seg  28  found  527/2400 (22.0%)  reward     1717.4   hits 2630  false alarms   17  misses    0
t   846.00s  slot  16920/72000  seg  28  found  531/2400 (22.1%)  reward     1720.8   hits 2635  false alarms   17  misses    0
t   846.90s  slot  16938/72000  seg  28  found  531/2400 (22.1%)  reward     1723.1   hits 2637  false alarms   17  misses    0
t   847.85s  slot  16957/72000  seg  28  found  531/2400 (22.1%)  reward     1729.6   hits 2644  false alarms   17  misses    0
t   848.95s  slot  16979/72000  seg  28  found  531/2400 (22.1%)  reward     1730.2   hits 2645  false alarms   17  misses    0
t   850.05s  slot  17001/72000  seg  28  found  531/2400 (22.1%)  reward     1733.2   hits 2648  false alarms   17  misses    0
t   851.20s  slot  17024/72000  seg  28  found  532/2400 (22.2%)  reward     1740.4   hits 2654  false alarms   17  misses    0
t   852.35s  slot  17047/72000  seg  28  found  532/2400 (22.2%)  reward     1743.5   hits 2658  false alarms   17  misses    0
t   853.60s  slot  17072/72000  seg  28  found  532/2400 (22.2%)  reward     1750.1   hits 2665  false alarms   17  misses    0
t   854.95s  slot  17099/72000  seg  28  found  532/2400 (22.2%)  reward     1754.3   hits 2670  false alarms   17  misses    0
t   856.10s  slot  17122/72000  seg  28  found  532/2400 (22.2%)  reward     1759.0   hits 2676  false alarms   17  misses    0
t   857.55s  slot  17151/72000  seg  28  found  532/2400 (22.2%)  reward     1759.8   hits 2681  false alarms   17  misses    0
t   858.70s  slot  17174/72000  seg  28  found  532/2400 (22.2%)  reward     1761.6   hits 2685  false alarms   17  misses    0
t   859.90s  slot  17198/72000  seg  28  found  532/2400 (22.2%)  reward     1763.6   hits 2689  false alarms   17  misses    0
t   861.00s  slot  17220/72000  seg  28  found  532/2400 (22.2%)  reward     1765.0   hits 2692  false alarms   17  misses    0
t   862.10s  slot  17242/72000  seg  28  found  534/2400 (22.2%)  reward     1768.3   hits 2694  false alarms   17  misses    0
t   863.10s  slot  17262/72000  seg  28  found  534/2400 (22.2%)  reward     1775.8   hits 2702  false alarms   17  misses    0
t   864.25s  slot  17285/72000  seg  28  found  534/2400 (22.2%)  reward     1777.4   hits 2703  false alarms   17  misses    0
t   865.30s  slot  17306/72000  seg  28  found  534/2400 (22.2%)  reward     1782.8   hits 2709  false alarms   17  misses    0
t   866.05s  slot  17321/72000  seg  28  found  534/2400 (22.2%)  reward     1784.1   hits 2711  false alarms   17  misses    0
t   867.15s  slot  17343/72000  seg  28  found  534/2400 (22.2%)  reward     1787.1   hits 2714  false alarms   17  misses    0
t   868.20s  slot  17364/72000  seg  28  found  534/2400 (22.2%)  reward     1788.6   hits 2717  false alarms   17  misses    0
t   869.35s  slot  17387/72000  seg  28  found  534/2400 (22.2%)  reward     1790.9   hits 2720  false alarms   17  misses    0
t   870.35s  slot  17407/72000  seg  29  found  537/2400 (22.4%)  reward     1794.4   hits 2725  false alarms   17  misses    0
t   871.50s  slot  17430/72000  seg  29  found  545/2400 (22.7%)  reward     1800.5   hits 2732  false alarms   17  misses    0
t   872.40s  slot  17448/72000  seg  29  found  547/2400 (22.8%)  reward     1805.0   hits 2736  false alarms   17  misses    0
t   873.45s  slot  17469/72000  seg  29  found  547/2400 (22.8%)  reward     1810.6   hits 2742  false alarms   17  misses    0
t   874.40s  slot  17488/72000  seg  29  found  548/2400 (22.8%)  reward     1816.3   hits 2748  false alarms   17  misses    0
t   875.40s  slot  17508/72000  seg  29  found  552/2400 (23.0%)  reward     1820.8   hits 2752  false alarms   18  misses    0
t   876.50s  slot  17530/72000  seg  29  found  552/2400 (23.0%)  reward     1824.6   hits 2757  false alarms   19  misses    0
t   877.50s  slot  17550/72000  seg  29  found  552/2400 (23.0%)  reward     1827.3   hits 2760  false alarms   19  misses    0
t   878.55s  slot  17571/72000  seg  29  found  552/2400 (23.0%)  reward     1830.8   hits 2765  false alarms   19  misses    0
t   879.70s  slot  17594/72000  seg  29  found  552/2400 (23.0%)  reward     1828.9   hits 2765  false alarms   19  misses    0
t   880.70s  slot  17614/72000  seg  29  found  552/2400 (23.0%)  reward     1834.7   hits 2771  false alarms   19  misses    0
t   881.50s  slot  17630/72000  seg  29  found  552/2400 (23.0%)  reward     1840.0   hits 2776  false alarms   19  misses    0
t   882.75s  slot  17655/72000  seg  29  found  552/2400 (23.0%)  reward     1847.0   hits 2783  false alarms   19  misses    0
t   884.20s  slot  17684/72000  seg  29  found  554/2400 (23.1%)  reward     1850.2   hits 2787  false alarms   19  misses    0
t   885.85s  slot  17717/72000  seg  29  found  554/2400 (23.1%)  reward     1853.5   hits 2792  false alarms   19  misses    0
t   887.65s  slot  17753/72000  seg  29  found  554/2400 (23.1%)  reward     1856.3   hits 2798  false alarms   19  misses    0
t   889.40s  slot  17788/72000  seg  29  found  554/2400 (23.1%)  reward     1861.7   hits 2805  false alarms   19  misses    0
t   891.15s  slot  17823/72000  seg  29  found  554/2400 (23.1%)  reward     1870.4   hits 2814  false alarms   19  misses    0
t   893.05s  slot  17861/72000  seg  29  found  554/2400 (23.1%)  reward     1876.4   hits 2823  false alarms   19  misses    0
t   894.60s  slot  17892/72000  seg  29  found  554/2400 (23.1%)  reward     1882.0   hits 2827  false alarms   19  misses    0
t   896.05s  slot  17921/72000  seg  29  found  554/2400 (23.1%)  reward     1886.8   hits 2833  false alarms   19  misses    0
t   897.65s  slot  17953/72000  seg  29  found  554/2400 (23.1%)  reward     1892.0   hits 2839  false alarms   19  misses    0
t   899.45s  slot  17989/72000  seg  29  found  554/2400 (23.1%)  reward     1894.9   hits 2844  false alarms   20  misses    0
t   901.00s  slot  18020/72000  seg  30  found  561/2400 (23.4%)  reward     1899.9   hits 2851  false alarms   20  misses    0
t   902.50s  slot  18050/72000  seg  30  found  566/2400 (23.6%)  reward     1905.5   hits 2858  false alarms   20  misses    0
t   904.00s  slot  18080/72000  seg  30  found  566/2400 (23.6%)  reward     1906.1   hits 2860  false alarms   20  misses    0
t   905.90s  slot  18118/72000  seg  30  found  568/2400 (23.7%)  reward     1911.5   hits 2866  false alarms   20  misses    0
t   907.55s  slot  18151/72000  seg  30  found  571/2400 (23.8%)  reward     1919.6   hits 2875  false alarms   20  misses    0
t   909.15s  slot  18183/72000  seg  30  found  572/2400 (23.8%)  reward     1930.6   hits 2886  false alarms   20  misses    0
t   910.75s  slot  18215/72000  seg  30  found  572/2400 (23.8%)  reward     1935.0   hits 2893  false alarms   20  misses    0
t   912.25s  slot  18245/72000  seg  30  found  572/2400 (23.8%)  reward     1941.0   hits 2899  false alarms   20  misses    0
t   913.55s  slot  18271/72000  seg  30  found  574/2400 (23.9%)  reward     1945.8   hits 2903  false alarms   20  misses    0
t   915.20s  slot  18304/72000  seg  30  found  574/2400 (23.9%)  reward     1949.9   hits 2910  false alarms   20  misses    0
t   916.55s  slot  18331/72000  seg  30  found  574/2400 (23.9%)  reward     1955.5   hits 2916  false alarms   20  misses    0
t   918.10s  slot  18362/72000  seg  30  found  574/2400 (23.9%)  reward     1958.8   hits 2920  false alarms   20  misses    0
t   919.25s  slot  18385/72000  seg  30  found  574/2400 (23.9%)  reward     1967.0   hits 2928  false alarms   20  misses    0
t   920.55s  slot  18411/72000  seg  30  found  574/2400 (23.9%)  reward     1966.0   hits 2929  false alarms   20  misses    0
t   922.35s  slot  18447/72000  seg  30  found  574/2400 (23.9%)  reward     1969.9   hits 2935  false alarms   20  misses    0
t   924.15s  slot  18483/72000  seg  30  found  574/2400 (23.9%)  reward     1982.7   hits 2950  false alarms   20  misses    0
t   925.85s  slot  18517/72000  seg  30  found  574/2400 (23.9%)  reward     1989.3   hits 2959  false alarms   20  misses    0
t   927.50s  slot  18550/72000  seg  30  found  574/2400 (23.9%)  reward     1995.6   hits 2966  false alarms   20  misses    0
t   929.25s  slot  18585/72000  seg  30  found  574/2400 (23.9%)  reward     1995.5   hits 2968  false alarms   20  misses    0
t   930.75s  slot  18615/72000  seg  31  found  577/2400 (24.0%)  reward     1998.7   hits 2972  false alarms   20  misses    0
t   932.55s  slot  18651/72000  seg  31  found  581/2400 (24.2%)  reward     2000.3   hits 2975  false alarms   20  misses    0
t   934.35s  slot  18687/72000  seg  31  found  583/2400 (24.3%)  reward     2005.2   hits 2982  false alarms   20  misses    0
t   936.05s  slot  18721/72000  seg  31  found  586/2400 (24.4%)  reward     2010.3   hits 2988  false alarms   20  misses    0
t   937.65s  slot  18753/72000  seg  31  found  588/2400 (24.5%)  reward     2014.5   hits 2993  false alarms   20  misses    0
t   939.75s  slot  18795/72000  seg  31  found  588/2400 (24.5%)  reward     2014.2   hits 2997  false alarms   20  misses    0
t   941.15s  slot  18823/72000  seg  31  found  590/2400 (24.6%)  reward     2024.2   hits 3006  false alarms   20  misses    0
t   942.55s  slot  18851/72000  seg  31  found  590/2400 (24.6%)  reward     2025.3   hits 3010  false alarms   20  misses    0
t   944.20s  slot  18884/72000  seg  31  found  590/2400 (24.6%)  reward     2026.4   hits 3013  false alarms   20  misses    0
t   945.75s  slot  18915/72000  seg  31  found  592/2400 (24.7%)  reward     2035.3   hits 3021  false alarms   20  misses    0
t   947.55s  slot  18951/72000  seg  31  found  592/2400 (24.7%)  reward     2043.3   hits 3028  false alarms   20  misses    0
t   949.15s  slot  18983/72000  seg  31  found  594/2400 (24.8%)  reward     2054.1   hits 3038  false alarms   20  misses    0
t   951.10s  slot  19022/72000  seg  31  found  594/2400 (24.8%)  reward     2055.4   hits 3042  false alarms   20  misses    0
t   952.65s  slot  19053/72000  seg  31  found  594/2400 (24.8%)  reward     2061.0   hits 3047  false alarms   20  misses    0
t   954.15s  slot  19083/72000  seg  31  found  594/2400 (24.8%)  reward     2071.4   hits 3057  false alarms   20  misses    0
t   955.75s  slot  19115/72000  seg  31  found  594/2400 (24.8%)  reward     2075.3   hits 3064  false alarms   20  misses    0
t   957.55s  slot  19151/72000  seg  31  found  594/2400 (24.8%)  reward     2080.1   hits 3070  false alarms   20  misses    0
t   959.25s  slot  19185/72000  seg  31  found  594/2400 (24.8%)  reward     2083.8   hits 3075  false alarms   20  misses    0
t   961.05s  slot  19221/72000  seg  32  found  608/2400 (25.3%)  reward     2091.9   hits 3084  false alarms   20  misses    0
t   962.75s  slot  19255/72000  seg  32  found  612/2400 (25.5%)  reward     2094.5   hits 3089  false alarms   20  misses    0
t   964.25s  slot  19285/72000  seg  32  found  612/2400 (25.5%)  reward     2098.9   hits 3094  false alarms   20  misses    0
t   965.85s  slot  19317/72000  seg  32  found  614/2400 (25.6%)  reward     2104.4   hits 3101  false alarms   20  misses    0
t   967.55s  slot  19351/72000  seg  32  found  614/2400 (25.6%)  reward     2111.4   hits 3109  false alarms   20  misses    0
t   969.05s  slot  19381/72000  seg  32  found  614/2400 (25.6%)  reward     2121.3   hits 3119  false alarms   20  misses    0
t   970.75s  slot  19415/72000  seg  32  found  614/2400 (25.6%)  reward     2126.0   hits 3124  false alarms   20  misses    0
t   972.10s  slot  19442/72000  seg  32  found  614/2400 (25.6%)  reward     2132.1   hits 3131  false alarms   20  misses    0
t   973.50s  slot  19470/72000  seg  32  found  614/2400 (25.6%)  reward     2139.5   hits 3139  false alarms   20  misses    0
t   974.95s  slot  19499/72000  seg  32  found  614/2400 (25.6%)  reward     2146.5   hits 3147  false alarms   20  misses    0
t   976.40s  slot  19528/72000  seg  32  found  614/2400 (25.6%)  reward     2152.1   hits 3153  false alarms   20  misses    0
t   978.10s  slot  19562/72000  seg  32  found  614/2400 (25.6%)  reward     2153.4   hits 3157  false alarms   20  misses    0
t   979.75s  slot  19595/72000  seg  32  found  614/2400 (25.6%)  reward     2163.2   hits 3168  false alarms   20  misses    0
t   981.25s  slot  19625/72000  seg  32  found  614/2400 (25.6%)  reward     2167.7   hits 3174  false alarms   20  misses    0
t   982.95s  slot  19659/72000  seg  32  found  614/2400 (25.6%)  reward     2173.8   hits 3182  false alarms   20  misses    0
t   984.55s  slot  19691/72000  seg  32  found  614/2400 (25.6%)  reward     2178.6   hits 3188  false alarms   20  misses    0
t   986.10s  slot  19722/72000  seg  32  found  614/2400 (25.6%)  reward     2188.0   hits 3198  false alarms   21  misses    0
t   987.50s  slot  19750/72000  seg  32  found  614/2400 (25.6%)  reward     2193.6   hits 3204  false alarms   21  misses    0
t   989.20s  slot  19784/72000  seg  32  found  614/2400 (25.6%)  reward     2197.2   hits 3209  false alarms   21  misses    0
t   990.55s  slot  19811/72000  seg  33  found  622/2400 (25.9%)  reward     2202.7   hits 3215  false alarms   21  misses    0
t   992.05s  slot  19841/72000  seg  33  found  625/2400 (26.0%)  reward     2209.2   hits 3221  false alarms   21  misses    0
t   993.15s  slot  19863/72000  seg  33  found  631/2400 (26.3%)  reward     2219.0   hits 3230  false alarms   21  misses    0
t   994.00s  slot  19880/72000  seg  33  found  633/2400 (26.4%)  reward     2222.2   hits 3233  false alarms   21  misses    0
t   995.35s  slot  19907/72000  seg  33  found  633/2400 (26.4%)  reward     2231.7   hits 3244  false alarms   21  misses    0
t   997.10s  slot  19942/72000  seg  33  found  633/2400 (26.4%)  reward     2235.5   hits 3248  false alarms   21  misses    0
-----------------------------------------
| rollout/                |             |
|    ep_len_mean          | 406         |
|    ep_rew_mean          | 496         |
| time/                   |             |
|    fps                  | 173         |
|    iterations           | 2           |
|    time_elapsed         | 94          |
|    total_timesteps      | 819200      |
| train/                  |             |
|    approx_kl            | 0.003261275 |
|    clip_fraction        | 0.234       |
|    clip_range           | 0.1         |
|    entropy_loss         | -3.35       |
|    explained_variance   | 0.918       |
|    learning_rate        | 1e-05       |
|    loss                 | 1.93        |
|    n_updates            | 990         |
|    policy_gradient_loss | -0.0158     |
|    value_loss           | 45.3        |
-----------------------------------------
t   998.40s  slot  19968/72000  seg  33  found  633/2400 (26.4%)  reward     2236.6   hits 3250  false alarms   21  misses    0
t  1000.35s  slot  20007/72000  seg  33  found  633/2400 (26.4%)  reward     2239.8   hits 3257  false alarms   21  misses    0
t  1002.05s  slot  20041/72000  seg  33  found  633/2400 (26.4%)  reward     2247.2   hits 3266  false alarms   21  misses    0
t  1003.75s  slot  20075/72000  seg  33  found  634/2400 (26.4%)  reward     2258.3   hits 3276  false alarms   21  misses    0
t  1005.70s  slot  20114/72000  seg  33  found  634/2400 (26.4%)  reward     2264.0   hits 3283  false alarms   21  misses    0
t  1007.75s  slot  20155/72000  seg  33  found  634/2400 (26.4%)  reward     2270.3   hits 3291  false alarms   21  misses    0
t  1009.70s  slot  20194/72000  seg  33  found  634/2400 (26.4%)  reward     2280.1   hits 3301  false alarms   21  misses    0
t  1011.65s  slot  20233/72000  seg  33  found  634/2400 (26.4%)  reward     2287.3   hits 3310  false alarms   21  misses    0
t  1013.85s  slot  20277/72000  seg  33  found  634/2400 (26.4%)  reward     2294.2   hits 3320  false alarms   21  misses    0
t  1016.05s  slot  20321/72000  seg  33  found  634/2400 (26.4%)  reward     2300.7   hits 3329  false alarms   21  misses    0
t  1018.05s  slot  20361/72000  seg  33  found  634/2400 (26.4%)  reward     2304.1   hits 3336  false alarms   21  misses    0
t  1019.85s  slot  20397/72000  seg  33  found  634/2400 (26.4%)  reward     2310.0   hits 3344  false alarms   21  misses    0
t  1021.20s  slot  20424/72000  seg  34  found  644/2400 (26.8%)  reward     2315.7   hits 3351  false alarms   21  misses    0
t  1022.55s  slot  20451/72000  seg  34  found  646/2400 (26.9%)  reward     2317.5   hits 3353  false alarms   21  misses    0
t  1023.90s  slot  20478/72000  seg  34  found  648/2400 (27.0%)  reward     2320.3   hits 3355  false alarms   21  misses    0
t  1025.70s  slot  20514/72000  seg  34  found  650/2400 (27.1%)  reward     2327.3   hits 3364  false alarms   21  misses    0
t  1027.10s  slot  20542/72000  seg  34  found  650/2400 (27.1%)  reward     2329.8   hits 3368  false alarms   21  misses    0
t  1028.50s  slot  20570/72000  seg  34  found  652/2400 (27.2%)  reward     2334.8   hits 3372  false alarms   21  misses    0
t  1030.45s  slot  20609/72000  seg  34  found  652/2400 (27.2%)  reward     2338.8   hits 3377  false alarms   21  misses    0
t  1032.45s  slot  20649/72000  seg  34  found  652/2400 (27.2%)  reward     2349.1   hits 3388  false alarms   21  misses    0
t  1034.35s  slot  20687/72000  seg  34  found  652/2400 (27.2%)  reward     2351.0   hits 3392  false alarms   21  misses    0
t  1035.65s  slot  20713/72000  seg  34  found  654/2400 (27.3%)  reward     2359.3   hits 3400  false alarms   22  misses    0
t  1036.60s  slot  20732/72000  seg  34  found  654/2400 (27.3%)  reward     2363.6   hits 3405  false alarms   22  misses    0
t  1037.65s  slot  20753/72000  seg  34  found  654/2400 (27.3%)  reward     2370.8   hits 3412  false alarms   22  misses    0
t  1039.40s  slot  20788/72000  seg  34  found  654/2400 (27.3%)  reward     2376.0   hits 3418  false alarms   22  misses    0
t  1041.20s  slot  20824/72000  seg  34  found  654/2400 (27.3%)  reward     2385.2   hits 3428  false alarms   22  misses    0
t  1042.75s  slot  20855/72000  seg  34  found  654/2400 (27.3%)  reward     2389.8   hits 3434  false alarms   22  misses    0
t  1044.35s  slot  20887/72000  seg  34  found  654/2400 (27.3%)  reward     2400.3   hits 3445  false alarms   22  misses    0
t  1046.15s  slot  20923/72000  seg  34  found  654/2400 (27.3%)  reward     2408.4   hits 3454  false alarms   22  misses    0
t  1048.05s  slot  20961/72000  seg  34  found  654/2400 (27.3%)  reward     2410.8   hits 3459  false alarms   22  misses    0
t  1049.85s  slot  20997/72000  seg  34  found  654/2400 (27.3%)  reward     2421.3   hits 3469  false alarms   22  misses    0
t  1051.15s  slot  21023/72000  seg  35  found  666/2400 (27.8%)  reward     2429.3   hits 3477  false alarms   22  misses    0
t  1052.75s  slot  21055/72000  seg  35  found  668/2400 (27.8%)  reward     2435.2   hits 3484  false alarms   22  misses    0
t  1053.95s  slot  21079/72000  seg  35  found  670/2400 (27.9%)  reward     2441.5   hits 3490  false alarms   22  misses    0
t  1055.25s  slot  21105/72000  seg  35  found  670/2400 (27.9%)  reward     2444.9   hits 3495  false alarms   22  misses    0
t  1056.65s  slot  21133/72000  seg  35  found  670/2400 (27.9%)  reward     2452.8   hits 3504  false alarms   22  misses    0
t  1058.25s  slot  21165/72000  seg  35  found  670/2400 (27.9%)  reward     2458.0   hits 3510  false alarms   22  misses    0
t  1060.00s  slot  21200/72000  seg  35  found  670/2400 (27.9%)  reward     2465.9   hits 3518  false alarms   22  misses    0
t  1062.15s  slot  21243/72000  seg  35  found  672/2400 (28.0%)  reward     2471.6   hits 3526  false alarms   22  misses    0
t  1063.75s  slot  21275/72000  seg  35  found  672/2400 (28.0%)  reward     2478.5   hits 3533  false alarms   22  misses    0
t  1065.40s  slot  21308/72000  seg  35  found  672/2400 (28.0%)  reward     2483.1   hits 3538  false alarms   22  misses    0
t  1067.10s  slot  21342/72000  seg  35  found  672/2400 (28.0%)  reward     2494.1   hits 3549  false alarms   22  misses    0
t  1069.05s  slot  21381/72000  seg  35  found  672/2400 (28.0%)  reward     2502.0   hits 3558  false alarms   22  misses    0
t  1071.35s  slot  21427/72000  seg  35  found  672/2400 (28.0%)  reward     2504.8   hits 3565  false alarms   22  misses    0
t  1073.40s  slot  21468/72000  seg  35  found  672/2400 (28.0%)  reward     2506.5   hits 3569  false alarms   22  misses    0
t  1075.15s  slot  21503/72000  seg  35  found  672/2400 (28.0%)  reward     2511.1   hits 3574  false alarms   22  misses    0
t  1077.00s  slot  21540/72000  seg  35  found  672/2400 (28.0%)  reward     2519.2   hits 3583  false alarms   22  misses    0
t  1079.15s  slot  21583/72000  seg  35  found  674/2400 (28.1%)  reward     2527.3   hits 3592  false alarms   22  misses    0
t  1081.10s  slot  21622/72000  seg  36  found  681/2400 (28.4%)  reward     2537.4   hits 3602  false alarms   22  misses    0
t  1082.85s  slot  21657/72000  seg  36  found  690/2400 (28.7%)  reward     2549.1   hits 3614  false alarms   22  misses    0
t  1084.70s  slot  21694/72000  seg  36  found  690/2400 (28.7%)  reward     2558.5   hits 3624  false alarms   22  misses    0
t  1086.80s  slot  21736/72000  seg  36  found  690/2400 (28.7%)  reward     2566.2   hits 3635  false alarms   22  misses    0
t  1088.55s  slot  21771/72000  seg  36  found  690/2400 (28.7%)  reward     2571.5   hits 3641  false alarms   22  misses    0
t  1090.35s  slot  21807/72000  seg  36  found  690/2400 (28.7%)  reward     2578.8   hits 3650  false alarms   23  misses    0
t  1092.40s  slot  21848/72000  seg  36  found  692/2400 (28.8%)  reward     2589.6   hits 3660  false alarms   23  misses    0
t  1094.30s  slot  21886/72000  seg  36  found  692/2400 (28.8%)  reward     2598.8   hits 3669  false alarms   23  misses    0
t  1096.15s  slot  21923/72000  seg  36  found  692/2400 (28.8%)  reward     2607.4   hits 3679  false alarms   23  misses    0
t  1097.90s  slot  21958/72000  seg  36  found  692/2400 (28.8%)  reward     2613.4   hits 3687  false alarms   23  misses    0
t  1099.75s  slot  21995/72000  seg  36  found  692/2400 (28.8%)  reward     2619.5   hits 3693  false alarms   23  misses    0
t  1101.55s  slot  22031/72000  seg  36  found  693/2400 (28.9%)  reward     2630.5   hits 3704  false alarms   23  misses    0
t  1103.05s  slot  22061/72000  seg  36  found  693/2400 (28.9%)  reward     2633.1   hits 3707  false alarms   23  misses    0
t  1104.65s  slot  22093/72000  seg  36  found  694/2400 (28.9%)  reward     2636.7   hits 3713  false alarms   24  misses    0
t  1106.60s  slot  22132/72000  seg  36  found  694/2400 (28.9%)  reward     2643.1   hits 3721  false alarms   24  misses    0
t  1108.35s  slot  22167/72000  seg  36  found  694/2400 (28.9%)  reward     2646.4   hits 3725  false alarms   24  misses    0
t  1110.05s  slot  22201/72000  seg  37  found  694/2400 (28.9%)  reward     2654.6   hits 3735  false alarms   24  misses    0
t  1111.75s  slot  22235/72000  seg  37  found  706/2400 (29.4%)  reward     2662.9   hits 3743  false alarms   24  misses    0
t  1113.45s  slot  22269/72000  seg  37  found  708/2400 (29.5%)  reward     2670.5   hits 3751  false alarms   24  misses    0
t  1115.30s  slot  22306/72000  seg  37  found  712/2400 (29.7%)  reward     2678.9   hits 3760  false alarms   24  misses    0
t  1117.05s  slot  22341/72000  seg  37  found  712/2400 (29.7%)  reward     2685.6   hits 3768  false alarms   24  misses    0
t  1118.85s  slot  22377/72000  seg  37  found  712/2400 (29.7%)  reward     2688.2   hits 3774  false alarms   24  misses    0
t  1120.45s  slot  22409/72000  seg  37  found  712/2400 (29.7%)  reward     2696.8   hits 3784  false alarms   24  misses    0
t  1122.10s  slot  22442/72000  seg  37  found  712/2400 (29.7%)  reward     2709.0   hits 3795  false alarms   24  misses    0
t  1123.80s  slot  22476/72000  seg  37  found  712/2400 (29.7%)  reward     2712.5   hits 3801  false alarms   24  misses    0
t  1125.45s  slot  22509/72000  seg  37  found  712/2400 (29.7%)  reward     2719.5   hits 3809  false alarms   24  misses    0
t  1127.35s  slot  22547/72000  seg  37  found  712/2400 (29.7%)  reward     2726.0   hits 3818  false alarms   24  misses    0
t  1129.10s  slot  22582/72000  seg  37  found  712/2400 (29.7%)  reward     2733.6   hits 3826  false alarms   24  misses    0
t  1130.95s  slot  22619/72000  seg  37  found  712/2400 (29.7%)  reward     2737.8   hits 3833  false alarms   24  misses    0
t  1132.55s  slot  22651/72000  seg  37  found  712/2400 (29.7%)  reward     2750.0   hits 3846  false alarms   24  misses    0
t  1134.00s  slot  22680/72000  seg  37  found  712/2400 (29.7%)  reward     2757.0   hits 3853  false alarms   24  misses    0
t  1135.60s  slot  22712/72000  seg  37  found  712/2400 (29.7%)  reward     2764.4   hits 3861  false alarms   25  misses    0
t  1137.20s  slot  22744/72000  seg  37  found  712/2400 (29.7%)  reward     2772.5   hits 3869  false alarms   25  misses    0
t  1138.95s  slot  22779/72000  seg  37  found  712/2400 (29.7%)  reward     2776.7   hits 3873  false alarms   25  misses    0
t  1140.85s  slot  22817/72000  seg  38  found  719/2400 (30.0%)  reward     2784.7   hits 3882  false alarms   25  misses    0
t  1142.75s  slot  22855/72000  seg  38  found  722/2400 (30.1%)  reward     2791.8   hits 3889  false alarms   25  misses    0
t  1144.55s  slot  22891/72000  seg  38  found  723/2400 (30.1%)  reward     2795.3   hits 3894  false alarms   25  misses    0
t  1146.35s  slot  22927/72000  seg  38  found  727/2400 (30.3%)  reward     2800.7   hits 3901  false alarms   25  misses    0
t  1148.30s  slot  22966/72000  seg  38  found  729/2400 (30.4%)  reward     2807.2   hits 3909  false alarms   25  misses    0
t  1149.50s  slot  22990/72000  seg  38  found  730/2400 (30.4%)  reward     2811.2   hits 3913  false alarms   25  misses    0
t  1151.40s  slot  23028/72000  seg  38  found  730/2400 (30.4%)  reward     2816.9   hits 3920  false alarms   25  misses    0
t  1153.15s  slot  23063/72000  seg  38  found  730/2400 (30.4%)  reward     2824.5   hits 3929  false alarms   25  misses    0
t  1155.05s  slot  23101/72000  seg  38  found  730/2400 (30.4%)  reward     2829.2   hits 3936  false alarms   26  misses    0
t  1157.00s  slot  23140/72000  seg  38  found  730/2400 (30.4%)  reward     2836.8   hits 3944  false alarms   26  misses    0
t  1158.85s  slot  23177/72000  seg  38  found  732/2400 (30.5%)  reward     2842.7   hits 3949  false alarms   26  misses    0
t  1160.40s  slot  23208/72000  seg  38  found  732/2400 (30.5%)  reward     2850.1   hits 3957  false alarms   26  misses    0
t  1161.75s  slot  23235/72000  seg  38  found  732/2400 (30.5%)  reward     2857.4   hits 3965  false alarms   26  misses    0
t  1163.25s  slot  23265/72000  seg  38  found  732/2400 (30.5%)  reward     2861.8   hits 3971  false alarms   26  misses    0
t  1164.70s  slot  23294/72000  seg  38  found  732/2400 (30.5%)  reward     2869.2   hits 3979  false alarms   26  misses    0
t  1166.65s  slot  23333/72000  seg  38  found  732/2400 (30.5%)  reward     2877.2   hits 3988  false alarms   26  misses    0
t  1168.95s  slot  23379/72000  seg  38  found  732/2400 (30.5%)  reward     2884.9   hits 3995  false alarms   26  misses    0
t  1170.90s  slot  23418/72000  seg  39  found  742/2400 (30.9%)  reward     2895.0   hits 4007  false alarms   26  misses    0
t  1173.25s  slot  23465/72000  seg  39  found  747/2400 (31.1%)  reward     2902.7   hits 4017  false alarms   26  misses    0
t  1175.05s  slot  23501/72000  seg  39  found  751/2400 (31.3%)  reward     2911.8   hits 4026  false alarms   26  misses    0
t  1177.10s  slot  23542/72000  seg  39  found  752/2400 (31.3%)  reward     2919.0   hits 4036  false alarms   27  misses    0
t  1179.00s  slot  23580/72000  seg  39  found  752/2400 (31.3%)  reward     2925.4   hits 4044  false alarms   28  misses    0
t  1181.05s  slot  23621/72000  seg  39  found  752/2400 (31.3%)  reward     2944.2   hits 4062  false alarms   28  misses    0
t  1183.10s  slot  23662/72000  seg  39  found  752/2400 (31.3%)  reward     2952.6   hits 4072  false alarms   28  misses    0
t  1184.35s  slot  23687/72000  seg  39  found  752/2400 (31.3%)  reward     2960.5   hits 4081  false alarms   28  misses    0
t  1186.10s  slot  23722/72000  seg  39  found  752/2400 (31.3%)  reward     2968.1   hits 4088  false alarms   28  misses    0
t  1188.00s  slot  23760/72000  seg  39  found  752/2400 (31.3%)  reward     2979.8   hits 4101  false alarms   28  misses    0
t  1190.50s  slot  23810/72000  seg  39  found  752/2400 (31.3%)  reward     2984.2   hits 4108  false alarms   28  misses    0
t  1192.40s  slot  23848/72000  seg  39  found  752/2400 (31.3%)  reward     2993.4   hits 4117  false alarms   29  misses    0
t  1194.50s  slot  23890/72000  seg  39  found  752/2400 (31.3%)  reward     2999.4   hits 4124  false alarms   29  misses    0
t  1196.45s  slot  23929/72000  seg  39  found  752/2400 (31.3%)  reward     3001.6   hits 4130  false alarms   29  misses    0
t  1198.10s  slot  23962/72000  seg  39  found  752/2400 (31.3%)  reward     3010.3   hits 4139  false alarms   29  misses    0
t  1200.05s  slot  24001/72000  seg  40  found  752/2400 (31.3%)  reward     3017.9   hits 4148  false alarms   29  misses    0
t  1201.80s  slot  24036/72000  seg  40  found  762/2400 (31.8%)  reward     3025.1   hits 4156  false alarms   29  misses    0
t  1203.40s  slot  24068/72000  seg  40  found  765/2400 (31.9%)  reward     3033.0   hits 4165  false alarms   29  misses    0
t  1204.85s  slot  24097/72000  seg  40  found  766/2400 (31.9%)  reward     3038.4   hits 4172  false alarms   30  misses    0
t  1206.25s  slot  24125/72000  seg  40  found  766/2400 (31.9%)  reward     3043.4   hits 4178  false alarms   30  misses    0
t  1208.05s  slot  24161/72000  seg  40  found  766/2400 (31.9%)  reward     3049.8   hits 4185  false alarms   30  misses    0
t  1209.80s  slot  24196/72000  seg  40  found  768/2400 (32.0%)  reward     3055.3   hits 4192  false alarms   30  misses    0
t  1211.75s  slot  24235/72000  seg  40  found  768/2400 (32.0%)  reward     3067.8   hits 4206  false alarms   30  misses    0
t  1213.50s  slot  24270/72000  seg  40  found  770/2400 (32.1%)  reward     3080.5   hits 4219  false alarms   30  misses    0
t  1215.45s  slot  24309/72000  seg  40  found  770/2400 (32.1%)  reward     3083.6   hits 4224  false alarms   30  misses    0
t  1217.35s  slot  24347/72000  seg  40  found  770/2400 (32.1%)  reward     3087.0   hits 4230  false alarms   30  misses    0
t  1219.00s  slot  24380/72000  seg  40  found  770/2400 (32.1%)  reward     3093.9   hits 4238  false alarms   30  misses    0
t  1220.85s  slot  24417/72000  seg  40  found  770/2400 (32.1%)  reward     3106.9   hits 4250  false alarms   30  misses    0
t  1222.90s  slot  24458/72000  seg  40  found  770/2400 (32.1%)  reward     3111.3   hits 4256  false alarms   30  misses    0
t  1224.85s  slot  24497/72000  seg  40  found  772/2400 (32.2%)  reward     3118.6   hits 4265  false alarms   30  misses    0
t  1225.95s  slot  24519/72000  seg  40  found  772/2400 (32.2%)  reward     3124.4   hits 4272  false alarms   30  misses    0
t  1227.15s  slot  24543/72000  seg  40  found  772/2400 (32.2%)  reward     3128.1   hits 4276  false alarms   30  misses    0
t  1228.75s  slot  24575/72000  seg  40  found  772/2400 (32.2%)  reward     3140.9   hits 4288  false alarms   30  misses    0
t  1230.10s  slot  24602/72000  seg  41  found  772/2400 (32.2%)  reward     3147.7   hits 4295  false alarms   30  misses    0
t  1231.40s  slot  24628/72000  seg  41  found  779/2400 (32.5%)  reward     3150.8   hits 4299  false alarms   30  misses    0
t  1232.90s  slot  24658/72000  seg  41  found  785/2400 (32.7%)  reward     3157.8   hits 4307  false alarms   30  misses    0
t  1234.55s  slot  24691/72000  seg  41  found  788/2400 (32.8%)  reward     3165.0   hits 4315  false alarms   30  misses    0
t  1236.45s  slot  24729/72000  seg  41  found  790/2400 (32.9%)  reward     3178.3   hits 4329  false alarms   30  misses    0
t  1238.50s  slot  24770/72000  seg  41  found  792/2400 (33.0%)  reward     3186.0   hits 4337  false alarms   30  misses    0
t  1240.65s  slot  24813/72000  seg  41  found  792/2400 (33.0%)  reward     3190.5   hits 4344  false alarms   30  misses    0
t  1242.45s  slot  24849/72000  seg  41  found  792/2400 (33.0%)  reward     3204.0   hits 4358  false alarms   30  misses    0
t  1244.45s  slot  24889/72000  seg  41  found  792/2400 (33.0%)  reward     3212.2   hits 4367  false alarms   30  misses    0
t  1246.70s  slot  24934/72000  seg  41  found  792/2400 (33.0%)  reward     3219.0   hits 4376  false alarms   30  misses    0
t  1248.50s  slot  24970/72000  seg  41  found  792/2400 (33.0%)  reward     3222.7   hits 4380  false alarms   30  misses    0
t  1250.30s  slot  25006/72000  seg  41  found  792/2400 (33.0%)  reward     3231.4   hits 4389  false alarms   30  misses    0
t  1252.50s  slot  25050/72000  seg  41  found  792/2400 (33.0%)  reward     3238.4   hits 4398  false alarms   30  misses    0
t  1254.40s  slot  25088/72000  seg  41  found  792/2400 (33.0%)  reward     3246.3   hits 4407  false alarms   30  misses    0
t  1256.30s  slot  25126/72000  seg  41  found  792/2400 (33.0%)  reward     3257.3   hits 4419  false alarms   30  misses    0
t  1258.45s  slot  25169/72000  seg  41  found  792/2400 (33.0%)  reward     3262.7   hits 4426  false alarms   30  misses    0
t  1260.55s  slot  25211/72000  seg  42  found  797/2400 (33.2%)  reward     3270.1   hits 4435  false alarms   30  misses    0
t  1262.40s  slot  25248/72000  seg  42  found  804/2400 (33.5%)  reward     3278.3   hits 4443  false alarms   30  misses    0
t  1264.15s  slot  25283/72000  seg  42  found  806/2400 (33.6%)  reward     3293.9   hits 4459  false alarms   30  misses    0
t  1266.05s  slot  25321/72000  seg  42  found  807/2400 (33.6%)  reward     3306.4   hits 4472  false alarms   30  misses    0
t  1267.85s  slot  25357/72000  seg  42  found  809/2400 (33.7%)  reward     3318.4   hits 4483  false alarms   30  misses    0
t  1269.85s  slot  25397/72000  seg  42  found  809/2400 (33.7%)  reward     3322.3   hits 4489  false alarms   30  misses    0
t  1271.75s  slot  25435/72000  seg  42  found  809/2400 (33.7%)  reward     3320.5   hits 4491  false alarms   30  misses    0
t  1273.45s  slot  25469/72000  seg  42  found  811/2400 (33.8%)  reward     3333.2   hits 4503  false alarms   30  misses    0
t  1275.20s  slot  25504/72000  seg  42  found  811/2400 (33.8%)  reward     3346.0   hits 4515  false alarms   30  misses    0
t  1277.20s  slot  25544/72000  seg  42  found  811/2400 (33.8%)  reward     3349.7   hits 4519  false alarms   30  misses    0
t  1278.95s  slot  25579/72000  seg  42  found  811/2400 (33.8%)  reward     3354.9   hits 4524  false alarms   30  misses    0
t  1280.05s  slot  25601/72000  seg  42  found  811/2400 (33.8%)  reward     3359.2   hits 4528  false alarms   30  misses    0
t  1280.85s  slot  25617/72000  seg  42  found  811/2400 (33.8%)  reward     3364.1   hits 4533  false alarms   30  misses    0
t  1282.15s  slot  25643/72000  seg  42  found  811/2400 (33.8%)  reward     3370.7   hits 4541  false alarms   30  misses    0
t  1283.55s  slot  25671/72000  seg  42  found  812/2400 (33.8%)  reward     3381.0   hits 4551  false alarms   30  misses    0
t  1284.35s  slot  25687/72000  seg  42  found  812/2400 (33.8%)  reward     3386.0   hits 4556  false alarms   30  misses    0
t  1285.15s  slot  25703/72000  seg  42  found  812/2400 (33.8%)  reward     3389.8   hits 4560  false alarms   30  misses    0
t  1286.15s  slot  25723/72000  seg  42  found  812/2400 (33.8%)  reward     3392.0   hits 4563  false alarms   30  misses    0
t  1286.90s  slot  25738/72000  seg  42  found  812/2400 (33.8%)  reward     3394.4   hits 4566  false alarms   30  misses    0
t  1287.55s  slot  25751/72000  seg  42  found  812/2400 (33.8%)  reward     3399.0   hits 4571  false alarms   30  misses    0
t  1288.85s  slot  25777/72000  seg  42  found  812/2400 (33.8%)  reward     3405.4   hits 4578  false alarms   30  misses    0
t  1290.45s  slot  25809/72000  seg  43  found  816/2400 (34.0%)  reward     3410.8   hits 4584  false alarms   30  misses    0
t  1291.60s  slot  25832/72000  seg  43  found  824/2400 (34.3%)  reward     3420.1   hits 4594  false alarms   30  misses    0
t  1292.85s  slot  25857/72000  seg  43  found  826/2400 (34.4%)  reward     3427.2   hits 4602  false alarms   30  misses    0
t  1293.90s  slot  25878/72000  seg  43  found  826/2400 (34.4%)  reward     3430.8   hits 4607  false alarms   30  misses    0
t  1295.15s  slot  25903/72000  seg  43  found  830/2400 (34.6%)  reward     3432.1   hits 4609  false alarms   30  misses    0
t  1296.40s  slot  25928/72000  seg  43  found  830/2400 (34.6%)  reward     3441.0   hits 4617  false alarms   30  misses    0
t  1297.50s  slot  25950/72000  seg  43  found  830/2400 (34.6%)  reward     3450.0   hits 4626  false alarms   30  misses    0
t  1298.85s  slot  25977/72000  seg  43  found  830/2400 (34.6%)  reward     3454.3   hits 4631  false alarms   30  misses    0
t  1299.95s  slot  25999/72000  seg  43  found  830/2400 (34.6%)  reward     3463.6   hits 4640  false alarms   30  misses    0
t  1301.50s  slot  26030/72000  seg  43  found  830/2400 (34.6%)  reward     3471.6   hits 4650  false alarms   30  misses    0
t  1302.85s  slot  26057/72000  seg  43  found  830/2400 (34.6%)  reward     3478.8   hits 4658  false alarms   30  misses    0
t  1304.35s  slot  26087/72000  seg  43  found  830/2400 (34.6%)  reward     3481.3   hits 4662  false alarms   30  misses    0
t  1306.25s  slot  26125/72000  seg  43  found  830/2400 (34.6%)  reward     3482.1   hits 4665  false alarms   30  misses    0
t  1307.45s  slot  26149/72000  seg  43  found  830/2400 (34.6%)  reward     3485.6   hits 4669  false alarms   30  misses    0
t  1308.65s  slot  26173/72000  seg  43  found  830/2400 (34.6%)  reward     3491.1   hits 4675  false alarms   30  misses    0
t  1309.85s  slot  26197/72000  seg  43  found  830/2400 (34.6%)  reward     3492.4   hits 4678  false alarms   31  misses    0
t  1311.00s  slot  26220/72000  seg  43  found  830/2400 (34.6%)  reward     3498.6   hits 4684  false alarms   31  misses    0
t  1312.55s  slot  26251/72000  seg  43  found  830/2400 (34.6%)  reward     3502.8   hits 4690  false alarms   31  misses    0
t  1313.95s  slot  26279/72000  seg  43  found  830/2400 (34.6%)  reward     3511.7   hits 4698  false alarms   31  misses    0
t  1314.75s  slot  26295/72000  seg  43  found  830/2400 (34.6%)  reward     3513.5   hits 4701  false alarms   31  misses    0
t  1315.70s  slot  26314/72000  seg  43  found  830/2400 (34.6%)  reward     3518.3   hits 4706  false alarms   31  misses    0
t  1316.80s  slot  26336/72000  seg  43  found  830/2400 (34.6%)  reward     3526.1   hits 4714  false alarms   31  misses    0
t  1318.25s  slot  26365/72000  seg  43  found  830/2400 (34.6%)  reward     3528.2   hits 4717  false alarms   31  misses    0
t  1319.35s  slot  26387/72000  seg  43  found  830/2400 (34.6%)  reward     3530.1   hits 4721  false alarms   31  misses    0
t  1320.50s  slot  26410/72000  seg  44  found  834/2400 (34.8%)  reward     3537.7   hits 4730  false alarms   31  misses    0
t  1321.40s  slot  26428/72000  seg  44  found  838/2400 (34.9%)  reward     3541.9   hits 4733  false alarms   31  misses    0
t  1322.50s  slot  26450/72000  seg  44  found  840/2400 (35.0%)  reward     3543.0   hits 4736  false alarms   31  misses    0
t  1323.20s  slot  26464/72000  seg  44  found  842/2400 (35.1%)  reward     3544.6   hits 4738  false alarms   31  misses    0
t  1324.30s  slot  26486/72000  seg  44  found  842/2400 (35.1%)  reward     3547.5   hits 4742  false alarms   31  misses    0
t  1324.95s  slot  26499/72000  seg  44  found  842/2400 (35.1%)  reward     3546.0   hits 4742  false alarms   31  misses    0
t  1325.75s  slot  26515/72000  seg  44  found  842/2400 (35.1%)  reward     3544.4   hits 4743  false alarms   31  misses    0
t  1327.05s  slot  26541/72000  seg  44  found  844/2400 (35.2%)  reward     3543.5   hits 4744  false alarms   31  misses    0
t  1328.10s  slot  26562/72000  seg  44  found  844/2400 (35.2%)  reward     3547.2   hits 4749  false alarms   31  misses    0
t  1329.20s  slot  26584/72000  seg  44  found  848/2400 (35.3%)  reward     3555.9   hits 4756  false alarms   31  misses    0
t  1330.45s  slot  26609/72000  seg  44  found  848/2400 (35.3%)  reward     3557.8   hits 4758  false alarms   31  misses    0
t  1331.60s  slot  26632/72000  seg  44  found  848/2400 (35.3%)  reward     3559.2   hits 4761  false alarms   31  misses    0
t  1332.90s  slot  26658/72000  seg  44  found  848/2400 (35.3%)  reward     3563.9   hits 4767  false alarms   31  misses    0
t  1334.15s  slot  26683/72000  seg  44  found  850/2400 (35.4%)  reward     3571.1   hits 4771  false alarms   31  misses    0
t  1335.80s  slot  26716/72000  seg  44  found  850/2400 (35.4%)  reward     3575.1   hits 4778  false alarms   31  misses    0
t  1336.70s  slot  26734/72000  seg  44  found  850/2400 (35.4%)  reward     3578.8   hits 4782  false alarms   31  misses    0
t  1337.90s  slot  26758/72000  seg  44  found  850/2400 (35.4%)  reward     3583.5   hits 4787  false alarms   31  misses    0
t  1338.85s  slot  26777/72000  seg  44  found  850/2400 (35.4%)  reward     3592.8   hits 4796  false alarms   31  misses    0
t  1339.60s  slot  26792/72000  seg  44  found  850/2400 (35.4%)  reward     3598.4   hits 4801  false alarms   31  misses    0
t  1340.60s  slot  26812/72000  seg  44  found  850/2400 (35.4%)  reward     3599.1   hits 4802  false alarms   31  misses    0
t  1341.45s  slot  26829/72000  seg  44  found  850/2400 (35.4%)  reward     3604.9   hits 4808  false alarms   31  misses    0
t  1342.20s  slot  26844/72000  seg  44  found  850/2400 (35.4%)  reward     3606.8   hits 4811  false alarms   31  misses    0
t  1343.30s  slot  26866/72000  seg  44  found  850/2400 (35.4%)  reward     3612.6   hits 4817  false alarms   31  misses    0
t  1344.35s  slot  26887/72000  seg  44  found  850/2400 (35.4%)  reward     3613.9   hits 4819  false alarms   31  misses    0
t  1345.65s  slot  26913/72000  seg  44  found  850/2400 (35.4%)  reward     3612.6   hits 4820  false alarms   31  misses    0
t  1346.70s  slot  26934/72000  seg  44  found  850/2400 (35.4%)  reward     3622.5   hits 4830  false alarms   31  misses    0
t  1347.90s  slot  26958/72000  seg  44  found  850/2400 (35.4%)  reward     3625.2   hits 4833  false alarms   31  misses    0
t  1348.90s  slot  26978/72000  seg  44  found  850/2400 (35.4%)  reward     3628.5   hits 4837  false alarms   31  misses    0
t  1350.05s  slot  27001/72000  seg  45  found  850/2400 (35.4%)  reward     3629.2   hits 4840  false alarms   31  misses    0
t  1351.25s  slot  27025/72000  seg  45  found  860/2400 (35.8%)  reward     3635.8   hits 4847  false alarms   31  misses    0
t  1352.55s  slot  27051/72000  seg  45  found  862/2400 (35.9%)  reward     3637.4   hits 4851  false alarms   31  misses    0
t  1353.70s  slot  27074/72000  seg  45  found  864/2400 (36.0%)  reward     3639.8   hits 4855  false alarms   31  misses    0
t  1354.80s  slot  27096/72000  seg  45  found  866/2400 (36.1%)  reward     3644.0   hits 4860  false alarms   31  misses    0
t  1355.55s  slot  27111/72000  seg  45  found  866/2400 (36.1%)  reward     3646.1   hits 4863  false alarms   31  misses    0
t  1356.20s  slot  27124/72000  seg  45  found  866/2400 (36.1%)  reward     3647.8   hits 4865  false alarms   31  misses    0
t  1357.00s  slot  27140/72000  seg  45  found  866/2400 (36.1%)  reward     3650.1   hits 4868  false alarms   31  misses    0
t  1357.55s  slot  27151/72000  seg  45  found  866/2400 (36.1%)  reward     3652.0   hits 4870  false alarms   31  misses    0
t  1358.05s  slot  27161/72000  seg  45  found  866/2400 (36.1%)  reward     3653.2   hits 4872  false alarms   31  misses    0
t  1358.75s  slot  27175/72000  seg  45  found  866/2400 (36.1%)  reward     3656.1   hits 4875  false alarms   31  misses    0
t  1359.65s  slot  27193/72000  seg  45  found  866/2400 (36.1%)  reward     3658.5   hits 4877  false alarms   31  misses    0
t  1360.35s  slot  27207/72000  seg  45  found  866/2400 (36.1%)  reward     3657.7   hits 4878  false alarms   31  misses    0
t  1360.95s  slot  27219/72000  seg  45  found  866/2400 (36.1%)  reward     3655.8   hits 4878  false alarms   31  misses    0
t  1361.65s  slot  27233/72000  seg  45  found  866/2400 (36.1%)  reward     3653.5   hits 4878  false alarms   31  misses    0
t  1362.25s  slot  27245/72000  seg  45  found  866/2400 (36.1%)  reward     3657.1   hits 4881  false alarms   31  misses    0
t  1362.85s  slot  27257/72000  seg  45  found  866/2400 (36.1%)  reward     3661.7   hits 4886  false alarms   31  misses    0
t  1363.50s  slot  27270/72000  seg  45  found  866/2400 (36.1%)  reward     3661.3   hits 4887  false alarms   31  misses    0
t  1364.05s  slot  27281/72000  seg  45  found  868/2400 (36.2%)  reward     3664.4   hits 4889  false alarms   31  misses    0
t  1364.75s  slot  27295/72000  seg  45  found  868/2400 (36.2%)  reward     3670.2   hits 4894  false alarms   31  misses    0
t  1365.25s  slot  27305/72000  seg  45  found  868/2400 (36.2%)  reward     3671.9   hits 4896  false alarms   31  misses    0
t  1365.65s  slot  27313/72000  seg  45  found  868/2400 (36.2%)  reward     3672.5   hits 4897  false alarms   31  misses    0
t  1366.00s  slot  27320/72000  seg  45  found  868/2400 (36.2%)  reward     3674.2   hits 4898  false alarms   31  misses    0
t  1366.50s  slot  27330/72000  seg  45  found  868/2400 (36.2%)  reward     3673.1   hits 4898  false alarms   31  misses    0
t  1367.00s  slot  27340/72000  seg  45  found  868/2400 (36.2%)  reward     3676.6   hits 4901  false alarms   31  misses    0
t  1367.25s  slot  27345/72000  seg  45  found  868/2400 (36.2%)  reward     3678.4   hits 4903  false alarms   31  misses    0
t  1367.95s  slot  27359/72000  seg  45  found  868/2400 (36.2%)  reward     3676.9   hits 4903  false alarms   31  misses    0
t  1368.45s  slot  27369/72000  seg  45  found  868/2400 (36.2%)  reward     3679.1   hits 4905  false alarms   31  misses    0
t  1369.05s  slot  27381/72000  seg  45  found  868/2400 (36.2%)  reward     3683.9   hits 4911  false alarms   31  misses    0
t  1369.55s  slot  27391/72000  seg  45  found  870/2400 (36.2%)  reward     3687.5   hits 4914  false alarms   31  misses    0
t  1370.05s  slot  27401/72000  seg  45  found  870/2400 (36.2%)  reward     3689.5   hits 4917  false alarms   31  misses    0
t  1370.45s  slot  27409/72000  seg  45  found  870/2400 (36.2%)  reward     3693.8   hits 4921  false alarms   31  misses    0
t  1370.85s  slot  27417/72000  seg  45  found  870/2400 (36.2%)  reward     3696.9   hits 4924  false alarms   31  misses    0
t  1371.35s  slot  27427/72000  seg  45  found  870/2400 (36.2%)  reward     3700.7   hits 4928  false alarms   31  misses    0
t  1371.95s  slot  27439/72000  seg  45  found  870/2400 (36.2%)  reward     3701.3   hits 4929  false alarms   31  misses    0
t  1372.50s  slot  27450/72000  seg  45  found  870/2400 (36.2%)  reward     3701.9   hits 4931  false alarms   31  misses    0
t  1373.00s  slot  27460/72000  seg  45  found  870/2400 (36.2%)  reward     3706.2   hits 4936  false alarms   31  misses    0
t  1373.35s  slot  27467/72000  seg  45  found  870/2400 (36.2%)  reward     3708.3   hits 4938  false alarms   31  misses    0
t  1373.85s  slot  27477/72000  seg  45  found  870/2400 (36.2%)  reward     3706.8   hits 4938  false alarms   31  misses    0
t  1374.35s  slot  27487/72000  seg  45  found  870/2400 (36.2%)  reward     3707.8   hits 4939  false alarms   31  misses    0
t  1375.10s  slot  27502/72000  seg  45  found  870/2400 (36.2%)  reward     3711.6   hits 4943  false alarms   31  misses    0
t  1375.60s  slot  27512/72000  seg  45  found  870/2400 (36.2%)  reward     3714.6   hits 4947  false alarms   31  misses    0
t  1376.15s  slot  27523/72000  seg  45  found  870/2400 (36.2%)  reward     3716.4   hits 4949  false alarms   31  misses    0
t  1377.00s  slot  27540/72000  seg  45  found  870/2400 (36.2%)  reward     3718.9   hits 4953  false alarms   31  misses    0
t  1377.50s  slot  27550/72000  seg  45  found  870/2400 (36.2%)  reward     3721.9   hits 4956  false alarms   31  misses    0
t  1378.50s  slot  27570/72000  seg  45  found  870/2400 (36.2%)  reward     3721.0   hits 4957  false alarms   31  misses    0
t  1379.40s  slot  27588/72000  seg  45  found  870/2400 (36.2%)  reward     3722.3   hits 4959  false alarms   31  misses    0
t  1380.35s  slot  27607/72000  seg  46  found  874/2400 (36.4%)  reward     3722.2   hits 4961  false alarms   31  misses    0
t  1381.20s  slot  27624/72000  seg  46  found  874/2400 (36.4%)  reward     3725.6   hits 4965  false alarms   31  misses    0
t  1381.90s  slot  27638/72000  seg  46  found  878/2400 (36.6%)  reward     3730.1   hits 4969  false alarms   31  misses    0
t  1382.40s  slot  27648/72000  seg  46  found  880/2400 (36.7%)  reward     3735.1   hits 4974  false alarms   31  misses    0
t  1383.25s  slot  27665/72000  seg  46  found  880/2400 (36.7%)  reward     3734.1   hits 4975  false alarms   31  misses    0
t  1384.15s  slot  27683/72000  seg  46  found  884/2400 (36.8%)  reward     3740.4   hits 4980  false alarms   31  misses    0
t  1385.15s  slot  27703/72000  seg  46  found  884/2400 (36.8%)  reward     3742.4   hits 4983  false alarms   31  misses    0
t  1386.20s  slot  27724/72000  seg  46  found  884/2400 (36.8%)  reward     3742.9   hits 4985  false alarms   31  misses    0
t  1387.15s  slot  27743/72000  seg  46  found  886/2400 (36.9%)  reward     3748.2   hits 4990  false alarms   31  misses    0
t  1388.35s  slot  27767/72000  seg  46  found  886/2400 (36.9%)  reward     3748.4   hits 4992  false alarms   31  misses    0
t  1389.65s  slot  27793/72000  seg  46  found  886/2400 (36.9%)  reward     3757.9   hits 5002  false alarms   32  misses    0
t  1391.40s  slot  27828/72000  seg  46  found  890/2400 (37.1%)  reward     3767.8   hits 5011  false alarms   32  misses    0
t  1393.20s  slot  27864/72000  seg  46  found  890/2400 (37.1%)  reward     3775.3   hits 5021  false alarms   32  misses    0
t  1395.00s  slot  27900/72000  seg  46  found  890/2400 (37.1%)  reward     3781.6   hits 5027  false alarms   32  misses    0
t  1396.55s  slot  27931/72000  seg  46  found  890/2400 (37.1%)  reward     3791.0   hits 5037  false alarms   32  misses    0
t  1397.60s  slot  27952/72000  seg  46  found  890/2400 (37.1%)  reward     3792.8   hits 5040  false alarms   32  misses    0
t  1398.50s  slot  27970/72000  seg  46  found  890/2400 (37.1%)  reward     3795.8   hits 5045  false alarms   32  misses    0
t  1399.55s  slot  27991/72000  seg  46  found  890/2400 (37.1%)  reward     3799.0   hits 5049  false alarms   32  misses    0
t  1400.40s  slot  28008/72000  seg  46  found  890/2400 (37.1%)  reward     3801.2   hits 5053  false alarms   32  misses    0
t  1401.55s  slot  28031/72000  seg  46  found  890/2400 (37.1%)  reward     3803.2   hits 5056  false alarms   32  misses    0
t  1402.50s  slot  28050/72000  seg  46  found  890/2400 (37.1%)  reward     3804.4   hits 5058  false alarms   32  misses    0
t  1403.55s  slot  28071/72000  seg  46  found  890/2400 (37.1%)  reward     3810.5   hits 5064  false alarms   32  misses    0
t  1405.05s  slot  28101/72000  seg  46  found  890/2400 (37.1%)  reward     3815.9   hits 5072  false alarms   32  misses    0
t  1406.65s  slot  28133/72000  seg  46  found  890/2400 (37.1%)  reward     3820.1   hits 5078  false alarms   32  misses    0
t  1408.05s  slot  28161/72000  seg  46  found  890/2400 (37.1%)  reward     3821.6   hits 5081  false alarms   32  misses    0
t  1409.50s  slot  28190/72000  seg  46  found  890/2400 (37.1%)  reward     3829.4   hits 5089  false alarms   32  misses    0
t  1410.70s  slot  28214/72000  seg  47  found  894/2400 (37.2%)  reward     3834.1   hits 5095  false alarms   32  misses    0
t  1411.90s  slot  28238/72000  seg  47  found  900/2400 (37.5%)  reward     3840.0   hits 5101  false alarms   32  misses    0
t  1413.00s  slot  28260/72000  seg  47  found  904/2400 (37.7%)  reward     3845.1   hits 5107  false alarms   32  misses    0
t  1414.30s  slot  28286/72000  seg  47  found  908/2400 (37.8%)  reward     3851.4   hits 5113  false alarms   32  misses    0
t  1415.70s  slot  28314/72000  seg  47  found  908/2400 (37.8%)  reward     3856.0   hits 5120  false alarms   32  misses    0
t  1417.40s  slot  28348/72000  seg  47  found  908/2400 (37.8%)  reward     3859.5   hits 5124  false alarms   32  misses    0
t  1419.30s  slot  28386/72000  seg  47  found  910/2400 (37.9%)  reward     3868.1   hits 5133  false alarms   32  misses    0
t  1420.95s  slot  28419/72000  seg  47  found  910/2400 (37.9%)  reward     3872.2   hits 5139  false alarms   32  misses    0
t  1422.55s  slot  28451/72000  seg  47  found  910/2400 (37.9%)  reward     3878.1   hits 5146  false alarms   32  misses    0
t  1424.25s  slot  28485/72000  seg  47  found  910/2400 (37.9%)  reward     3884.4   hits 5153  false alarms   32  misses    0
t  1426.05s  slot  28521/72000  seg  47  found  910/2400 (37.9%)  reward     3885.0   hits 5157  false alarms   32  misses    0
t  1427.70s  slot  28554/72000  seg  47  found  910/2400 (37.9%)  reward     3888.9   hits 5161  false alarms   32  misses    0
t  1429.50s  slot  28590/72000  seg  47  found  910/2400 (37.9%)  reward     3895.1   hits 5170  false alarms   32  misses    0
t  1431.30s  slot  28626/72000  seg  47  found  910/2400 (37.9%)  reward     3902.0   hits 5176  false alarms   32  misses    0
t  1433.30s  slot  28666/72000  seg  47  found  910/2400 (37.9%)  reward     3904.2   hits 5181  false alarms   32  misses    0
t  1434.55s  slot  28691/72000  seg  47  found  910/2400 (37.9%)  reward     3908.8   hits 5185  false alarms   32  misses    0
t  1436.15s  slot  28723/72000  seg  47  found  910/2400 (37.9%)  reward     3918.8   hits 5194  false alarms   32  misses    0
t  1437.90s  slot  28758/72000  seg  47  found  910/2400 (37.9%)  reward     3927.7   hits 5203  false alarms   32  misses    0
t  1439.90s  slot  28798/72000  seg  47  found  910/2400 (37.9%)  reward     3932.5   hits 5210  false alarms   32  misses    0
t  1441.80s  slot  28836/72000  seg  48  found  916/2400 (38.2%)  reward     3935.9   hits 5215  false alarms   32  misses    0
t  1443.50s  slot  28870/72000  seg  48  found  926/2400 (38.6%)  reward     3944.7   hits 5222  false alarms   32  misses    0
t  1445.40s  slot  28908/72000  seg  48  found  930/2400 (38.8%)  reward     3953.0   hits 5231  false alarms   32  misses    0
t  1447.00s  slot  28940/72000  seg  48  found  930/2400 (38.8%)  reward     3962.8   hits 5241  false alarms   32  misses    0
t  1448.25s  slot  28965/72000  seg  48  found  930/2400 (38.8%)  reward     3966.5   hits 5246  false alarms   32  misses    0
t  1450.05s  slot  29001/72000  seg  48  found  930/2400 (38.8%)  reward     3971.7   hits 5252  false alarms   32  misses    0
t  1451.40s  slot  29028/72000  seg  48  found  930/2400 (38.8%)  reward     3976.4   hits 5258  false alarms   32  misses    0
t  1453.15s  slot  29063/72000  seg  48  found  930/2400 (38.8%)  reward     3981.9   hits 5265  false alarms   32  misses    0
t  1454.50s  slot  29090/72000  seg  48  found  930/2400 (38.8%)  reward     3986.6   hits 5270  false alarms   32  misses    0
t  1455.85s  slot  29117/72000  seg  48  found  930/2400 (38.8%)  reward     3990.8   hits 5276  false alarms   32  misses    0
t  1457.30s  slot  29146/72000  seg  48  found  930/2400 (38.8%)  reward     3998.2   hits 5284  false alarms   32  misses    0
t  1459.30s  slot  29186/72000  seg  48  found  930/2400 (38.8%)  reward     4003.6   hits 5290  false alarms   32  misses    0
t  1461.20s  slot  29224/72000  seg  48  found  930/2400 (38.8%)  reward     4015.4   hits 5303  false alarms   32  misses    0
t  1463.25s  slot  29265/72000  seg  48  found  930/2400 (38.8%)  reward     4021.9   hits 5311  false alarms   32  misses    0
t  1465.15s  slot  29303/72000  seg  48  found  930/2400 (38.8%)  reward     4027.0   hits 5317  false alarms   32  misses    0
t  1466.95s  slot  29339/72000  seg  48  found  930/2400 (38.8%)  reward     4034.7   hits 5326  false alarms   32  misses    0
t  1468.90s  slot  29378/72000  seg  48  found  930/2400 (38.8%)  reward     4043.5   hits 5336  false alarms   32  misses    0
t  1471.05s  slot  29421/72000  seg  49  found  940/2400 (39.2%)  reward     4051.2   hits 5346  false alarms   32  misses    0
t  1472.80s  slot  29456/72000  seg  49  found  945/2400 (39.4%)  reward     4058.1   hits 5353  false alarms   32  misses    0
t  1474.60s  slot  29492/72000  seg  49  found  945/2400 (39.4%)  reward     4064.6   hits 5361  false alarms   32  misses    0
------------------------------------------
| rollout/                |              |
|    ep_len_mean          | 406          |
|    ep_rew_mean          | 496          |
| time/                   |              |
|    fps                  | 160          |
|    iterations           | 3            |
|    time_elapsed         | 153          |
|    total_timesteps      | 827392       |
| train/                  |              |
|    approx_kl            | 0.0036790126 |
|    clip_fraction        | 0.27         |
|    clip_range           | 0.1          |
|    entropy_loss         | -3.44        |
|    explained_variance   | 0.218        |
|    learning_rate        | 1e-05        |
|    loss                 | 0.478        |
|    n_updates            | 1000         |
|    policy_gradient_loss | -0.0184      |
|    value_loss           | 3.88         |
------------------------------------------
t  1475.95s  slot  29519/72000  seg  49  found  945/2400 (39.4%)  reward     4069.0   hits 5367  false alarms   32  misses    0
t  1477.40s  slot  29548/72000  seg  49  found  946/2400 (39.4%)  reward     4078.4   hits 5375  false alarms   32  misses    0
t  1479.00s  slot  29580/72000  seg  49  found  946/2400 (39.4%)  reward     4087.5   hits 5383  false alarms   32  misses    0
t  1480.45s  slot  29609/72000  seg  49  found  948/2400 (39.5%)  reward     4090.1   hits 5386  false alarms   32  misses    0
t  1482.20s  slot  29644/72000  seg  49  found  948/2400 (39.5%)  reward     4095.9   hits 5393  false alarms   32  misses    0
t  1484.20s  slot  29684/72000  seg  49  found  948/2400 (39.5%)  reward     4100.2   hits 5399  false alarms   32  misses    0
t  1486.20s  slot  29724/72000  seg  49  found  948/2400 (39.5%)  reward     4104.6   hits 5405  false alarms   32  misses    0
t  1488.15s  slot  29763/72000  seg  49  found  950/2400 (39.6%)  reward     4111.4   hits 5413  false alarms   32  misses    0
t  1489.95s  slot  29799/72000  seg  49  found  950/2400 (39.6%)  reward     4122.3   hits 5424  false alarms   32  misses    0
t  1492.05s  slot  29841/72000  seg  49  found  950/2400 (39.6%)  reward     4130.4   hits 5434  false alarms   32  misses    0
t  1493.75s  slot  29875/72000  seg  49  found  950/2400 (39.6%)  reward     4143.5   hits 5447  false alarms   32  misses    0
t  1495.60s  slot  29912/72000  seg  49  found  950/2400 (39.6%)  reward     4146.3   hits 5451  false alarms   32  misses    0
t  1497.60s  slot  29952/72000  seg  49  found  950/2400 (39.6%)  reward     4158.4   hits 5463  false alarms   32  misses    0
t  1499.60s  slot  29992/72000  seg  49  found  950/2400 (39.6%)  reward     4164.4   hits 5470  false alarms   32  misses    0
t  1501.60s  slot  30032/72000  seg  50  found  960/2400 (40.0%)  reward     4171.9   hits 5478  false alarms   32  misses    0
t  1503.35s  slot  30067/72000  seg  50  found  964/2400 (40.2%)  reward     4181.5   hits 5488  false alarms   32  misses    0
t  1505.45s  slot  30109/72000  seg  50  found  966/2400 (40.2%)  reward     4180.4   hits 5490  false alarms   32  misses    0
t  1507.30s  slot  30146/72000  seg  50  found  966/2400 (40.2%)  reward     4194.2   hits 5504  false alarms   32  misses    0
t  1509.10s  slot  30182/72000  seg  50  found  968/2400 (40.3%)  reward     4214.7   hits 5523  false alarms   32  misses    0
t  1511.10s  slot  30222/72000  seg  50  found  968/2400 (40.3%)  reward     4225.6   hits 5535  false alarms   32  misses    0
t  1512.95s  slot  30259/72000  seg  50  found  968/2400 (40.3%)  reward     4233.3   hits 5544  false alarms   32  misses    0
t  1514.65s  slot  30293/72000  seg  50  found  968/2400 (40.3%)  reward     4240.9   hits 5552  false alarms   32  misses    0
t  1516.70s  slot  30334/72000  seg  50  found  968/2400 (40.3%)  reward     4247.6   hits 5560  false alarms   32  misses    0
t  1518.60s  slot  30372/72000  seg  50  found  968/2400 (40.3%)  reward     4257.6   hits 5571  false alarms   32  misses    0
t  1519.85s  slot  30397/72000  seg  50  found  970/2400 (40.4%)  reward     4264.8   hits 5578  false alarms   32  misses    0
t  1521.45s  slot  30429/72000  seg  50  found  970/2400 (40.4%)  reward     4271.4   hits 5585  false alarms   33  misses    0
t  1523.25s  slot  30465/72000  seg  50  found  970/2400 (40.4%)  reward     4281.6   hits 5595  false alarms   33  misses    0
t  1524.95s  slot  30499/72000  seg  50  found  970/2400 (40.4%)  reward     4295.4   hits 5609  false alarms   33  misses    0
t  1527.00s  slot  30540/72000  seg  50  found  970/2400 (40.4%)  reward     4302.5   hits 5617  false alarms   33  misses    0
t  1528.80s  slot  30576/72000  seg  50  found  970/2400 (40.4%)  reward     4310.0   hits 5625  false alarms   33  misses    0
t  1530.75s  slot  30615/72000  seg  51  found  977/2400 (40.7%)  reward     4321.2   hits 5637  false alarms   33  misses    0
t  1532.55s  slot  30651/72000  seg  51  found  984/2400 (41.0%)  reward     4334.3   hits 5651  false alarms   33  misses    0
t  1534.45s  slot  30689/72000  seg  51  found  986/2400 (41.1%)  reward     4342.4   hits 5661  false alarms   33  misses    0
t  1536.35s  slot  30727/72000  seg  51  found  988/2400 (41.2%)  reward     4353.4   hits 5672  false alarms   33  misses    0
t  1538.30s  slot  30766/72000  seg  51  found  988/2400 (41.2%)  reward     4359.8   hits 5681  false alarms   33  misses    0
t  1540.50s  slot  30810/72000  seg  51  found  988/2400 (41.2%)  reward     4362.3   hits 5686  false alarms   33  misses    0
t  1542.40s  slot  30848/72000  seg  51  found  988/2400 (41.2%)  reward     4373.6   hits 5698  false alarms   33  misses    0
t  1544.30s  slot  30886/72000  seg  51  found  988/2400 (41.2%)  reward     4380.4   hits 5706  false alarms   33  misses    0
t  1546.25s  slot  30925/72000  seg  51  found  990/2400 (41.2%)  reward     4391.5   hits 5717  false alarms   33  misses    0
t  1548.05s  slot  30961/72000  seg  51  found  990/2400 (41.2%)  reward     4398.7   hits 5725  false alarms   33  misses    0
t  1550.05s  slot  31001/72000  seg  51  found  990/2400 (41.2%)  reward     4407.8   hits 5734  false alarms   33  misses    0
t  1552.20s  slot  31044/72000  seg  51  found  990/2400 (41.2%)  reward     4412.3   hits 5742  false alarms   33  misses    0
t  1553.85s  slot  31077/72000  seg  51  found  990/2400 (41.2%)  reward     4415.5   hits 5746  false alarms   33  misses    0
t  1555.35s  slot  31107/72000  seg  51  found  990/2400 (41.2%)  reward     4429.2   hits 5760  false alarms   33  misses    0
t  1557.40s  slot  31148/72000  seg  51  found  990/2400 (41.2%)  reward     4435.6   hits 5770  false alarms   33  misses    0
t  1559.30s  slot  31186/72000  seg  51  found  990/2400 (41.2%)  reward     4446.3   hits 5781  false alarms   33  misses    0
t  1561.00s  slot  31220/72000  seg  52  found 1001/2400 (41.7%)  reward     4455.6   hits 5791  false alarms   33  misses    0
t  1562.70s  slot  31254/72000  seg  52  found 1005/2400 (41.9%)  reward     4467.2   hits 5804  false alarms   33  misses    0
t  1564.65s  slot  31293/72000  seg  52  found 1008/2400 (42.0%)  reward     4477.7   hits 5815  false alarms   33  misses    0
t  1566.50s  slot  31330/72000  seg  52  found 1008/2400 (42.0%)  reward     4487.4   hits 5826  false alarms   33  misses    0
t  1568.05s  slot  31361/72000  seg  52  found 1008/2400 (42.0%)  reward     4499.4   hits 5839  false alarms   33  misses    0
t  1569.40s  slot  31388/72000  seg  52  found 1010/2400 (42.1%)  reward     4511.6   hits 5850  false alarms   33  misses    0
t  1571.15s  slot  31423/72000  seg  52  found 1010/2400 (42.1%)  reward     4520.8   hits 5860  false alarms   33  misses    0
t  1573.20s  slot  31464/72000  seg  52  found 1010/2400 (42.1%)  reward     4536.2   hits 5874  false alarms   33  misses    0
t  1574.80s  slot  31496/72000  seg  52  found 1010/2400 (42.1%)  reward     4542.4   hits 5881  false alarms   33  misses    0
t  1576.65s  slot  31533/72000  seg  52  found 1010/2400 (42.1%)  reward     4552.5   hits 5891  false alarms   33  misses    0
t  1578.65s  slot  31573/72000  seg  52  found 1010/2400 (42.1%)  reward     4561.1   hits 5901  false alarms   33  misses    0
t  1580.55s  slot  31611/72000  seg  52  found 1010/2400 (42.1%)  reward     4572.3   hits 5913  false alarms   33  misses    0
t  1582.40s  slot  31648/72000  seg  52  found 1010/2400 (42.1%)  reward     4582.7   hits 5923  false alarms   33  misses    0
t  1584.45s  slot  31689/72000  seg  52  found 1010/2400 (42.1%)  reward     4590.3   hits 5932  false alarms   33  misses    0
t  1585.85s  slot  31717/72000  seg  52  found 1010/2400 (42.1%)  reward     4597.5   hits 5939  false alarms   33  misses    0
t  1587.75s  slot  31755/72000  seg  52  found 1010/2400 (42.1%)  reward     4604.2   hits 5947  false alarms   33  misses    0
t  1589.55s  slot  31791/72000  seg  52  found 1010/2400 (42.1%)  reward     4609.8   hits 5954  false alarms   33  misses    0
t  1591.50s  slot  31830/72000  seg  53  found 1019/2400 (42.5%)  reward     4616.5   hits 5962  false alarms   33  misses    0
t  1593.30s  slot  31866/72000  seg  53  found 1023/2400 (42.6%)  reward     4624.0   hits 5971  false alarms   33  misses    0
t  1594.70s  slot  31894/72000  seg  53  found 1026/2400 (42.8%)  reward     4631.3   hits 5980  false alarms   33  misses    0
t  1596.00s  slot  31920/72000  seg  53  found 1027/2400 (42.8%)  reward     4640.4   hits 5990  false alarms   33  misses    0
t  1597.55s  slot  31951/72000  seg  53  found 1029/2400 (42.9%)  reward     4647.2   hits 5996  false alarms   33  misses    0
t  1599.20s  slot  31984/72000  seg  53  found 1029/2400 (42.9%)  reward     4657.8   hits 6006  false alarms   33  misses    0
t  1600.80s  slot  32016/72000  seg  53  found 1030/2400 (42.9%)  reward     4668.2   hits 6017  false alarms   33  misses    0
t  1602.35s  slot  32047/72000  seg  53  found 1030/2400 (42.9%)  reward     4681.0   hits 6029  false alarms   33  misses    0
t  1603.90s  slot  32078/72000  seg  53  found 1030/2400 (42.9%)  reward     4690.8   hits 6039  false alarms   33  misses    0
t  1605.20s  slot  32104/72000  seg  53  found 1030/2400 (42.9%)  reward     4697.9   hits 6047  false alarms   33  misses    0
t  1606.35s  slot  32127/72000  seg  53  found 1030/2400 (42.9%)  reward     4706.2   hits 6055  false alarms   33  misses    0
t  1607.75s  slot  32155/72000  seg  53  found 1030/2400 (42.9%)  reward     4716.5   hits 6067  false alarms   33  misses    0
t  1609.35s  slot  32187/72000  seg  53  found 1030/2400 (42.9%)  reward     4727.2   hits 6077  false alarms   33  misses    0
t  1611.15s  slot  32223/72000  seg  53  found 1030/2400 (42.9%)  reward     4734.2   hits 6085  false alarms   33  misses    0
t  1613.00s  slot  32260/72000  seg  53  found 1030/2400 (42.9%)  reward     4742.3   hits 6094  false alarms   33  misses    0
t  1615.00s  slot  32300/72000  seg  53  found 1030/2400 (42.9%)  reward     4748.1   hits 6102  false alarms   33  misses    0
t  1616.70s  slot  32334/72000  seg  53  found 1030/2400 (42.9%)  reward     4754.0   hits 6110  false alarms   33  misses    0
t  1618.55s  slot  32371/72000  seg  53  found 1030/2400 (42.9%)  reward     4757.0   hits 6114  false alarms   33  misses    0
t  1620.30s  slot  32406/72000  seg  54  found 1034/2400 (43.1%)  reward     4761.9   hits 6121  false alarms   33  misses    0
t  1622.10s  slot  32442/72000  seg  54  found 1046/2400 (43.6%)  reward     4771.9   hits 6133  false alarms   33  misses    0
t  1623.65s  slot  32473/72000  seg  54  found 1050/2400 (43.8%)  reward     4784.2   hits 6143  false alarms   33  misses    0
t  1625.20s  slot  32504/72000  seg  54  found 1050/2400 (43.8%)  reward     4785.6   hits 6146  false alarms   33  misses    0
t  1627.05s  slot  32541/72000  seg  54  found 1050/2400 (43.8%)  reward     4793.6   hits 6156  false alarms   33  misses    0
t  1629.00s  slot  32580/72000  seg  54  found 1050/2400 (43.8%)  reward     4802.4   hits 6164  false alarms   33  misses    0
t  1630.80s  slot  32616/72000  seg  54  found 1050/2400 (43.8%)  reward     4808.2   hits 6171  false alarms   33  misses    0
t  1632.55s  slot  32651/72000  seg  54  found 1050/2400 (43.8%)  reward     4815.8   hits 6178  false alarms   33  misses    0
t  1634.00s  slot  32680/72000  seg  54  found 1050/2400 (43.8%)  reward     4820.6   hits 6183  false alarms   33  misses    0
t  1635.45s  slot  32709/72000  seg  54  found 1050/2400 (43.8%)  reward     4825.3   hits 6189  false alarms   33  misses    0
t  1636.85s  slot  32737/72000  seg  54  found 1050/2400 (43.8%)  reward     4830.0   hits 6195  false alarms   33  misses    0
t  1638.45s  slot  32769/72000  seg  54  found 1050/2400 (43.8%)  reward     4841.2   hits 6206  false alarms   33  misses    0
t  1640.05s  slot  32801/72000  seg  54  found 1050/2400 (43.8%)  reward     4851.5   hits 6216  false alarms   33  misses    0
t  1641.70s  slot  32834/72000  seg  54  found 1050/2400 (43.8%)  reward     4862.4   hits 6227  false alarms   33  misses    0
t  1643.50s  slot  32870/72000  seg  54  found 1050/2400 (43.8%)  reward     4865.9   hits 6232  false alarms   33  misses    0
t  1645.00s  slot  32900/72000  seg  54  found 1050/2400 (43.8%)  reward     4877.4   hits 6244  false alarms   33  misses    0
t  1646.55s  slot  32931/72000  seg  54  found 1050/2400 (43.8%)  reward     4888.1   hits 6256  false alarms   33  misses    0
t  1648.25s  slot  32965/72000  seg  54  found 1050/2400 (43.8%)  reward     4890.9   hits 6260  false alarms   34  misses    0
t  1649.95s  slot  32999/72000  seg  54  found 1050/2400 (43.8%)  reward     4899.5   hits 6269  false alarms   34  misses    0
t  1651.50s  slot  33030/72000  seg  55  found 1058/2400 (44.1%)  reward     4906.7   hits 6277  false alarms   34  misses    0
t  1653.15s  slot  33063/72000  seg  55  found 1062/2400 (44.2%)  reward     4915.5   hits 6286  false alarms   34  misses    0
t  1654.55s  slot  33091/72000  seg  55  found 1066/2400 (44.4%)  reward     4924.6   hits 6297  false alarms   34  misses    0
t  1656.10s  slot  33122/72000  seg  55  found 1068/2400 (44.5%)  reward     4931.2   hits 6304  false alarms   34  misses    0
t  1657.90s  slot  33158/72000  seg  55  found 1068/2400 (44.5%)  reward     4939.4   hits 6313  false alarms   34  misses    0
t  1659.70s  slot  33194/72000  seg  55  found 1068/2400 (44.5%)  reward     4942.3   hits 6317  false alarms   34  misses    0
t  1661.50s  slot  33230/72000  seg  55  found 1068/2400 (44.5%)  reward     4947.2   hits 6323  false alarms   34  misses    0
t  1663.25s  slot  33265/72000  seg  55  found 1070/2400 (44.6%)  reward     4958.9   hits 6335  false alarms   34  misses    0
t  1664.00s  slot  33280/72000  seg  55  found 1070/2400 (44.6%)  reward     4964.9   hits 6340  false alarms   34  misses    0
t  1665.45s  slot  33309/72000  seg  55  found 1070/2400 (44.6%)  reward     4975.8   hits 6352  false alarms   34  misses    0
t  1667.20s  slot  33344/72000  seg  55  found 1070/2400 (44.6%)  reward     4981.1   hits 6359  false alarms   34  misses    0
t  1668.75s  slot  33375/72000  seg  55  found 1070/2400 (44.6%)  reward     4987.6   hits 6365  false alarms   34  misses    0
t  1670.45s  slot  33409/72000  seg  55  found 1070/2400 (44.6%)  reward     5001.0   hits 6379  false alarms   34  misses    0
t  1672.35s  slot  33447/72000  seg  55  found 1070/2400 (44.6%)  reward     5007.2   hits 6386  false alarms   34  misses    0
t  1674.05s  slot  33481/72000  seg  55  found 1070/2400 (44.6%)  reward     5013.6   hits 6393  false alarms   34  misses    0
t  1675.70s  slot  33514/72000  seg  55  found 1070/2400 (44.6%)  reward     5024.3   hits 6404  false alarms   34  misses    0
t  1677.55s  slot  33551/72000  seg  55  found 1070/2400 (44.6%)  reward     5032.5   hits 6413  false alarms   34  misses    0
t  1679.30s  slot  33586/72000  seg  55  found 1070/2400 (44.6%)  reward     5043.9   hits 6424  false alarms   34  misses    0
t  1680.45s  slot  33609/72000  seg  56  found 1074/2400 (44.8%)  reward     5053.5   hits 6434  false alarms   34  misses    0
t  1681.80s  slot  33636/72000  seg  56  found 1076/2400 (44.8%)  reward     5058.7   hits 6439  false alarms   34  misses    0
t  1683.70s  slot  33674/72000  seg  56  found 1086/2400 (45.2%)  reward     5067.1   hits 6449  false alarms   34  misses    0
t  1685.45s  slot  33709/72000  seg  56  found 1086/2400 (45.2%)  reward     5071.7   hits 6454  false alarms   34  misses    0
t  1687.25s  slot  33745/72000  seg  56  found 1086/2400 (45.2%)  reward     5077.9   hits 6461  false alarms   34  misses    0
t  1689.25s  slot  33785/72000  seg  56  found 1086/2400 (45.2%)  reward     5079.9   hits 6467  false alarms   34  misses    0
t  1691.10s  slot  33822/72000  seg  56  found 1086/2400 (45.2%)  reward     5085.0   hits 6473  false alarms   34  misses    0
t  1692.75s  slot  33855/72000  seg  56  found 1086/2400 (45.2%)  reward     5091.1   hits 6480  false alarms   34  misses    0
t  1694.55s  slot  33891/72000  seg  56  found 1086/2400 (45.2%)  reward     5097.8   hits 6489  false alarms   34  misses    0
t  1696.50s  slot  33930/72000  seg  56  found 1090/2400 (45.4%)  reward     5107.7   hits 6498  false alarms   34  misses    0
t  1698.25s  slot  33965/72000  seg  56  found 1090/2400 (45.4%)  reward     5118.3   hits 6509  false alarms   34  misses    0
t  1699.85s  slot  33997/72000  seg  56  found 1090/2400 (45.4%)  reward     5123.2   hits 6516  false alarms   34  misses    0
t  1701.65s  slot  34033/72000  seg  56  found 1090/2400 (45.4%)  reward     5137.4   hits 6528  false alarms   34  misses    0
t  1703.30s  slot  34066/72000  seg  56  found 1090/2400 (45.4%)  reward     5146.0   hits 6537  false alarms   34  misses    0
t  1705.15s  slot  34103/72000  seg  56  found 1090/2400 (45.4%)  reward     5152.7   hits 6545  false alarms   34  misses    0
t  1706.45s  slot  34129/72000  seg  56  found 1090/2400 (45.4%)  reward     5160.4   hits 6553  false alarms   34  misses    0
t  1707.95s  slot  34159/72000  seg  56  found 1090/2400 (45.4%)  reward     5165.7   hits 6559  false alarms   34  misses    0
t  1709.80s  slot  34196/72000  seg  56  found 1090/2400 (45.4%)  reward     5174.6   hits 6570  false alarms   34  misses    0
t  1711.65s  slot  34233/72000  seg  57  found 1102/2400 (45.9%)  reward     5181.8   hits 6579  false alarms   34  misses    0
t  1713.45s  slot  34269/72000  seg  57  found 1104/2400 (46.0%)  reward     5191.2   hits 6590  false alarms   34  misses    0
t  1715.25s  slot  34305/72000  seg  57  found 1104/2400 (46.0%)  reward     5203.8   hits 6603  false alarms   34  misses    0
t  1717.15s  slot  34343/72000  seg  57  found 1106/2400 (46.1%)  reward     5212.2   hits 6612  false alarms   34  misses    0
t  1718.35s  slot  34367/72000  seg  57  found 1106/2400 (46.1%)  reward     5214.9   hits 6616  false alarms   34  misses    0
t  1719.60s  slot  34392/72000  seg  57  found 1106/2400 (46.1%)  reward     5221.4   hits 6624  false alarms   34  misses    0
t  1721.05s  slot  34421/72000  seg  57  found 1106/2400 (46.1%)  reward     5228.4   hits 6631  false alarms   34  misses    0
t  1722.50s  slot  34450/72000  seg  57  found 1106/2400 (46.1%)  reward     5230.3   hits 6633  false alarms   34  misses    0
t  1724.40s  slot  34488/72000  seg  57  found 1106/2400 (46.1%)  reward     5239.2   hits 6643  false alarms   34  misses    0
t  1726.10s  slot  34522/72000  seg  57  found 1110/2400 (46.2%)  reward     5249.1   hits 6651  false alarms   34  misses    0
t  1728.15s  slot  34563/72000  seg  57  found 1110/2400 (46.2%)  reward     5259.8   hits 6663  false alarms   34  misses    0
t  1729.95s  slot  34599/72000  seg  57  found 1110/2400 (46.2%)  reward     5266.6   hits 6671  false alarms   34  misses    0
t  1731.90s  slot  34638/72000  seg  57  found 1110/2400 (46.2%)  reward     5273.4   hits 6680  false alarms   34  misses    0
t  1733.80s  slot  34676/72000  seg  57  found 1110/2400 (46.2%)  reward     5281.5   hits 6690  false alarms   34  misses    0
t  1735.80s  slot  34716/72000  seg  57  found 1110/2400 (46.2%)  reward     5286.9   hits 6697  false alarms   34  misses    0
t  1737.70s  slot  34754/72000  seg  57  found 1110/2400 (46.2%)  reward     5295.5   hits 6706  false alarms   34  misses    0
t  1739.80s  slot  34796/72000  seg  57  found 1110/2400 (46.2%)  reward     5307.0   hits 6718  false alarms   34  misses    0
t  1741.30s  slot  34826/72000  seg  58  found 1118/2400 (46.6%)  reward     5313.4   hits 6725  false alarms   34  misses    0
t  1743.05s  slot  34861/72000  seg  58  found 1122/2400 (46.8%)  reward     5322.4   hits 6736  false alarms   34  misses    0
t  1745.25s  slot  34905/72000  seg  58  found 1126/2400 (46.9%)  reward     5327.6   hits 6743  false alarms   34  misses    0
t  1747.30s  slot  34946/72000  seg  58  found 1126/2400 (46.9%)  reward     5334.9   hits 6752  false alarms   35  misses    0
t  1749.40s  slot  34988/72000  seg  58  found 1126/2400 (46.9%)  reward     5343.4   hits 6761  false alarms   35  misses    0
t  1751.40s  slot  35028/72000  seg  58  found 1126/2400 (46.9%)  reward     5346.9   hits 6768  false alarms   35  misses    0
t  1753.20s  slot  35064/72000  seg  58  found 1128/2400 (47.0%)  reward     5360.6   hits 6780  false alarms   35  misses    0
t  1755.10s  slot  35102/72000  seg  58  found 1128/2400 (47.0%)  reward     5365.9   hits 6787  false alarms   35  misses    0
t  1756.70s  slot  35134/72000  seg  58  found 1128/2400 (47.0%)  reward     5374.8   hits 6797  false alarms   35  misses    0
t  1758.20s  slot  35164/72000  seg  58  found 1130/2400 (47.1%)  reward     5378.5   hits 6800  false alarms   35  misses    0
t  1759.90s  slot  35198/72000  seg  58  found 1130/2400 (47.1%)  reward     5384.2   hits 6806  false alarms   35  misses    0
t  1761.75s  slot  35235/72000  seg  58  found 1130/2400 (47.1%)  reward     5391.5   hits 6814  false alarms   35  misses    0
t  1763.55s  slot  35271/72000  seg  58  found 1130/2400 (47.1%)  reward     5394.9   hits 6820  false alarms   35  misses    0
t  1764.80s  slot  35296/72000  seg  58  found 1130/2400 (47.1%)  reward     5398.4   hits 6825  false alarms   35  misses    0
t  1766.35s  slot  35327/72000  seg  58  found 1130/2400 (47.1%)  reward     5407.4   hits 6835  false alarms   35  misses    0
t  1767.95s  slot  35359/72000  seg  58  found 1130/2400 (47.1%)  reward     5418.0   hits 6845  false alarms   35  misses    0
t  1769.65s  slot  35393/72000  seg  58  found 1130/2400 (47.1%)  reward     5425.4   hits 6852  false alarms   35  misses    0
t  1771.70s  slot  35434/72000  seg  59  found 1134/2400 (47.2%)  reward     5426.0   hits 6856  false alarms   35  misses    0
t  1773.25s  slot  35465/72000  seg  59  found 1144/2400 (47.7%)  reward     5436.2   hits 6867  false alarms   35  misses    0
t  1774.90s  slot  35498/72000  seg  59  found 1146/2400 (47.8%)  reward     5440.5   hits 6874  false alarms   35  misses    0
t  1776.30s  slot  35526/72000  seg  59  found 1148/2400 (47.8%)  reward     5447.0   hits 6882  false alarms   35  misses    0
t  1778.00s  slot  35560/72000  seg  59  found 1148/2400 (47.8%)  reward     5454.2   hits 6889  false alarms   35  misses    0
t  1779.70s  slot  35594/72000  seg  59  found 1150/2400 (47.9%)  reward     5462.6   hits 6897  false alarms   35  misses    0
t  1781.10s  slot  35622/72000  seg  59  found 1150/2400 (47.9%)  reward     5471.3   hits 6906  false alarms   35  misses    0
t  1782.40s  slot  35648/72000  seg  59  found 1150/2400 (47.9%)  reward     5475.8   hits 6912  false alarms   35  misses    0
t  1783.65s  slot  35673/72000  seg  59  found 1150/2400 (47.9%)  reward     5487.9   hits 6923  false alarms   35  misses    0
t  1784.95s  slot  35699/72000  seg  59  found 1150/2400 (47.9%)  reward     5491.1   hits 6928  false alarms   35  misses    0
t  1786.45s  slot  35729/72000  seg  59  found 1150/2400 (47.9%)  reward     5494.7   hits 6932  false alarms   35  misses    0
t  1788.20s  slot  35764/72000  seg  59  found 1150/2400 (47.9%)  reward     5504.9   hits 6942  false alarms   35  misses    0
t  1790.25s  slot  35805/72000  seg  59  found 1150/2400 (47.9%)  reward     5508.7   hits 6948  false alarms   35  misses    0
t  1792.05s  slot  35841/72000  seg  59  found 1150/2400 (47.9%)  reward     5513.7   hits 6955  false alarms   35  misses    0
t  1793.95s  slot  35879/72000  seg  59  found 1150/2400 (47.9%)  reward     5522.0   hits 6964  false alarms   35  misses    0
t  1795.85s  slot  35917/72000  seg  59  found 1150/2400 (47.9%)  reward     5532.8   hits 6976  false alarms   35  misses    0
t  1797.60s  slot  35952/72000  seg  59  found 1150/2400 (47.9%)  reward     5539.4   hits 6982  false alarms   35  misses    0
t  1799.60s  slot  35992/72000  seg  59  found 1150/2400 (47.9%)  reward     5545.0   hits 6990  false alarms   35  misses    0
t  1801.45s  slot  36029/72000  seg  60  found 1162/2400 (48.4%)  reward     5555.1   hits 7001  false alarms   35  misses    0
t  1803.15s  slot  36063/72000  seg  60  found 1165/2400 (48.5%)  reward     5564.1   hits 7009  false alarms   35  misses    0
t  1804.85s  slot  36097/72000  seg  60  found 1165/2400 (48.5%)  reward     5569.3   hits 7017  false alarms   35  misses    0
t  1806.55s  slot  36131/72000  seg  60  found 1167/2400 (48.6%)  reward     5579.0   hits 7026  false alarms   35  misses    0
t  1808.35s  slot  36167/72000  seg  60  found 1167/2400 (48.6%)  reward     5583.8   hits 7033  false alarms   35  misses    0
t  1809.45s  slot  36189/72000  seg  60  found 1167/2400 (48.6%)  reward     5590.4   hits 7040  false alarms   35  misses    0
t  1810.60s  slot  36212/72000  seg  60  found 1170/2400 (48.8%)  reward     5600.0   hits 7049  false alarms   35  misses    0
t  1812.55s  slot  36251/72000  seg  60  found 1170/2400 (48.8%)  reward     5610.4   hits 7060  false alarms   35  misses    0
t  1814.20s  slot  36284/72000  seg  60  found 1170/2400 (48.8%)  reward     5618.2   hits 7068  false alarms   35  misses    0
t  1815.75s  slot  36315/72000  seg  60  found 1170/2400 (48.8%)  reward     5627.4   hits 7078  false alarms   35  misses    0
t  1817.00s  slot  36340/72000  seg  60  found 1170/2400 (48.8%)  reward     5638.6   hits 7089  false alarms   35  misses    0
t  1818.85s  slot  36377/72000  seg  60  found 1170/2400 (48.8%)  reward     5649.0   hits 7100  false alarms   35  misses    0
t  1820.85s  slot  36417/72000  seg  60  found 1170/2400 (48.8%)  reward     5655.2   hits 7106  false alarms   35  misses    0
t  1822.90s  slot  36458/72000  seg  60  found 1170/2400 (48.8%)  reward     5663.2   hits 7115  false alarms   35  misses    0
t  1824.30s  slot  36486/72000  seg  60  found 1170/2400 (48.8%)  reward     5665.0   hits 7118  false alarms   36  misses    0
t  1826.30s  slot  36526/72000  seg  60  found 1170/2400 (48.8%)  reward     5674.1   hits 7129  false alarms   36  misses    0
t  1828.10s  slot  36562/72000  seg  60  found 1170/2400 (48.8%)  reward     5680.7   hits 7135  false alarms   37  misses    0
t  1830.15s  slot  36603/72000  seg  61  found 1174/2400 (48.9%)  reward     5689.9   hits 7146  false alarms   37  misses    0
t  1832.00s  slot  36640/72000  seg  61  found 1184/2400 (49.3%)  reward     5698.0   hits 7155  false alarms   37  misses    0
t  1834.10s  slot  36682/72000  seg  61  found 1184/2400 (49.3%)  reward     5706.6   hits 7166  false alarms   37  misses    0
t  1836.25s  slot  36725/72000  seg  61  found 1186/2400 (49.4%)  reward     5714.1   hits 7174  false alarms   37  misses    0
t  1838.40s  slot  36768/72000  seg  61  found 1186/2400 (49.4%)  reward     5721.5   hits 7183  false alarms   37  misses    0
t  1840.15s  slot  36803/72000  seg  61  found 1188/2400 (49.5%)  reward     5732.2   hits 7195  false alarms   37  misses    0
t  1841.85s  slot  36837/72000  seg  61  found 1190/2400 (49.6%)  reward     5746.4   hits 7208  false alarms   37  misses    0
t  1843.65s  slot  36873/72000  seg  61  found 1190/2400 (49.6%)  reward     5759.7   hits 7222  false alarms   37  misses    0
t  1845.30s  slot  36906/72000  seg  61  found 1190/2400 (49.6%)  reward     5764.6   hits 7228  false alarms   37  misses    0
t  1847.10s  slot  36942/72000  seg  61  found 1190/2400 (49.6%)  reward     5770.0   hits 7235  false alarms   37  misses    0
t  1848.45s  slot  36969/72000  seg  61  found 1190/2400 (49.6%)  reward     5777.3   hits 7243  false alarms   37  misses    0
t  1850.40s  slot  37008/72000  seg  61  found 1190/2400 (49.6%)  reward     5785.7   hits 7252  false alarms   37  misses    0
t  1852.25s  slot  37045/72000  seg  61  found 1190/2400 (49.6%)  reward     5792.2   hits 7260  false alarms   38  misses    0
t  1854.05s  slot  37081/72000  seg  61  found 1190/2400 (49.6%)  reward     5800.5   hits 7270  false alarms   38  misses    0
t  1855.80s  slot  37116/72000  seg  61  found 1190/2400 (49.6%)  reward     5808.2   hits 7279  false alarms   38  misses    0
t  1857.70s  slot  37154/72000  seg  61  found 1190/2400 (49.6%)  reward     5813.8   hits 7286  false alarms   38  misses    0
t  1859.35s  slot  37187/72000  seg  61  found 1190/2400 (49.6%)  reward     5821.6   hits 7293  false alarms   38  misses    0
t  1860.95s  slot  37219/72000  seg  62  found 1198/2400 (49.9%)  reward     5829.9   hits 7301  false alarms   38  misses    0
t  1862.90s  slot  37258/72000  seg  62  found 1204/2400 (50.2%)  reward     5835.6   hits 7307  false alarms   38  misses    0
t  1864.75s  slot  37295/72000  seg  62  found 1208/2400 (50.3%)  reward     5844.3   hits 7317  false alarms   39  misses    0
t  1866.40s  slot  37328/72000  seg  62  found 1208/2400 (50.3%)  reward     5851.2   hits 7325  false alarms   39  misses    0
t  1868.15s  slot  37363/72000  seg  62  found 1210/2400 (50.4%)  reward     5859.7   hits 7333  false alarms   39  misses    0
t  1869.90s  slot  37398/72000  seg  62  found 1210/2400 (50.4%)  reward     5868.9   hits 7343  false alarms   39  misses    0
t  1871.65s  slot  37433/72000  seg  62  found 1210/2400 (50.4%)  reward     5877.2   hits 7352  false alarms   39  misses    0
t  1873.35s  slot  37467/72000  seg  62  found 1210/2400 (50.4%)  reward     5881.0   hits 7358  false alarms   39  misses    0
t  1875.15s  slot  37503/72000  seg  62  found 1210/2400 (50.4%)  reward     5893.0   hits 7370  false alarms   39  misses    0
t  1876.80s  slot  37536/72000  seg  62  found 1210/2400 (50.4%)  reward     5901.9   hits 7379  false alarms   39  misses    0
t  1878.65s  slot  37573/72000  seg  62  found 1210/2400 (50.4%)  reward     5907.6   hits 7386  false alarms   39  misses    0
t  1880.45s  slot  37609/72000  seg  62  found 1210/2400 (50.4%)  reward     5920.7   hits 7398  false alarms   39  misses    0
t  1882.15s  slot  37643/72000  seg  62  found 1210/2400 (50.4%)  reward     5927.5   hits 7405  false alarms   39  misses    0
t  1883.85s  slot  37677/72000  seg  62  found 1210/2400 (50.4%)  reward     5932.5   hits 7413  false alarms   40  misses    0
t  1885.35s  slot  37707/72000  seg  62  found 1210/2400 (50.4%)  reward     5937.0   hits 7418  false alarms   40  misses    0
t  1886.65s  slot  37733/72000  seg  62  found 1210/2400 (50.4%)  reward     5942.0   hits 7423  false alarms   40  misses    0
t  1887.90s  slot  37758/72000  seg  62  found 1210/2400 (50.4%)  reward     5951.6   hits 7433  false alarms   40  misses    0
t  1889.25s  slot  37785/72000  seg  62  found 1210/2400 (50.4%)  reward     5957.9   hits 7441  false alarms   40  misses    0
t  1890.70s  slot  37814/72000  seg  63  found 1214/2400 (50.6%)  reward     5960.2   hits 7445  false alarms   40  misses    0
t  1892.35s  slot  37847/72000  seg  63  found 1220/2400 (50.8%)  reward     5967.1   hits 7453  false alarms   40  misses    0
t  1894.20s  slot  37884/72000  seg  63  found 1224/2400 (51.0%)  reward     5976.5   hits 7463  false alarms   40  misses    0
t  1896.15s  slot  37923/72000  seg  63  found 1227/2400 (51.1%)  reward     5983.3   hits 7471  false alarms   40  misses    0
t  1898.25s  slot  37965/72000  seg  63  found 1227/2400 (51.1%)  reward     5992.3   hits 7481  false alarms   40  misses    0
t  1900.20s  slot  38004/72000  seg  63  found 1229/2400 (51.2%)  reward     5996.6   hits 7486  false alarms   40  misses    0
t  1902.00s  slot  38040/72000  seg  63  found 1229/2400 (51.2%)  reward     6004.6   hits 7494  false alarms   40  misses    0
t  1903.80s  slot  38076/72000  seg  63  found 1229/2400 (51.2%)  reward     6017.3   hits 7507  false alarms   40  misses    0
t  1905.75s  slot  38115/72000  seg  63  found 1229/2400 (51.2%)  reward     6027.9   hits 7518  false alarms   40  misses    0
t  1907.45s  slot  38149/72000  seg  63  found 1229/2400 (51.2%)  reward     6039.7   hits 7531  false alarms   40  misses    0
t  1909.30s  slot  38186/72000  seg  63  found 1229/2400 (51.2%)  reward     6047.8   hits 7540  false alarms   40  misses    0
t  1911.25s  slot  38225/72000  seg  63  found 1229/2400 (51.2%)  reward     6050.8   hits 7544  false alarms   40  misses    0
t  1912.95s  slot  38259/72000  seg  63  found 1229/2400 (51.2%)  reward     6060.1   hits 7553  false alarms   40  misses    0
t  1914.75s  slot  38295/72000  seg  63  found 1230/2400 (51.2%)  reward     6072.2   hits 7565  false alarms   40  misses    0
t  1916.45s  slot  38329/72000  seg  63  found 1230/2400 (51.2%)  reward     6080.6   hits 7574  false alarms   40  misses    0
t  1918.30s  slot  38366/72000  seg  63  found 1230/2400 (51.2%)  reward     6086.0   hits 7582  false alarms   40  misses    0
t  1920.10s  slot  38402/72000  seg  64  found 1230/2400 (51.2%)  reward     6095.3   hits 7593  false alarms   40  misses    0
t  1922.10s  slot  38442/72000  seg  64  found 1242/2400 (51.7%)  reward     6101.6   hits 7601  false alarms   41  misses    0
t  1923.85s  slot  38477/72000  seg  64  found 1244/2400 (51.8%)  reward     6110.8   hits 7611  false alarms   41  misses    0
t  1925.60s  slot  38512/72000  seg  64  found 1250/2400 (52.1%)  reward     6122.8   hits 7622  false alarms   41  misses    0
t  1927.05s  slot  38541/72000  seg  64  found 1250/2400 (52.1%)  reward     6128.5   hits 7629  false alarms   41  misses    0
t  1928.25s  slot  38565/72000  seg  64  found 1250/2400 (52.1%)  reward     6136.8   hits 7636  false alarms   41  misses    0
t  1930.05s  slot  38601/72000  seg  64  found 1250/2400 (52.1%)  reward     6148.8   hits 7649  false alarms   41  misses    0
t  1931.65s  slot  38633/72000  seg  64  found 1250/2400 (52.1%)  reward     6153.7   hits 7655  false alarms   41  misses    0
t  1933.15s  slot  38663/72000  seg  64  found 1250/2400 (52.1%)  reward     6163.3   hits 7665  false alarms   41  misses    0
t  1935.00s  slot  38700/72000  seg  64  found 1250/2400 (52.1%)  reward     6173.8   hits 7676  false alarms   41  misses    0
t  1936.65s  slot  38733/72000  seg  64  found 1250/2400 (52.1%)  reward     6179.0   hits 7683  false alarms   41  misses    0
t  1937.95s  slot  38759/72000  seg  64  found 1250/2400 (52.1%)  reward     6187.4   hits 7691  false alarms   41  misses    0
t  1939.90s  slot  38798/72000  seg  64  found 1250/2400 (52.1%)  reward     6198.4   hits 7704  false alarms   41  misses    0
t  1941.75s  slot  38835/72000  seg  64  found 1250/2400 (52.1%)  reward     6208.2   hits 7715  false alarms   41  misses    0
t  1943.55s  slot  38871/72000  seg  64  found 1250/2400 (52.1%)  reward     6216.3   hits 7724  false alarms   41  misses    0
t  1945.20s  slot  38904/72000  seg  64  found 1250/2400 (52.1%)  reward     6224.7   hits 7733  false alarms   41  misses    0
t  1947.25s  slot  38945/72000  seg  64  found 1250/2400 (52.1%)  reward     6231.7   hits 7742  false alarms   41  misses    0
-----------------------------------------
| rollout/                |             |
|    ep_len_mean          | 406         |
|    ep_rew_mean          | 496         |
| time/                   |             |
|    fps                  | 160         |
|    iterations           | 4           |
|    time_elapsed         | 204         |
|    total_timesteps      | 835584      |
| train/                  |             |
|    approx_kl            | 0.003497364 |
|    clip_fraction        | 0.245       |
|    clip_range           | 0.1         |
|    entropy_loss         | -3.45       |
|    explained_variance   | -0.0213     |
|    learning_rate        | 1e-05       |
|    loss                 | 3.37        |
|    n_updates            | 1010        |
|    policy_gradient_loss | -0.0186     |
|    value_loss           | 4.32        |
-----------------------------------------
t  1949.10s  slot  38982/72000  seg  64  found 1250/2400 (52.1%)  reward     6233.9   hits 7746  false alarms   41  misses    0
t  1950.30s  slot  39006/72000  seg  65  found 1255/2400 (52.3%)  reward     6240.4   hits 7753  false alarms   41  misses    0
t  1951.50s  slot  39030/72000  seg  65  found 1258/2400 (52.4%)  reward     6245.9   hits 7759  false alarms   41  misses    0
t  1952.80s  slot  39056/72000  seg  65  found 1263/2400 (52.6%)  reward     6250.4   hits 7763  false alarms   41  misses    0
t  1954.40s  slot  39088/72000  seg  65  found 1263/2400 (52.6%)  reward     6254.9   hits 7768  false alarms   41  misses    0
t  1955.70s  slot  39114/72000  seg  65  found 1265/2400 (52.7%)  reward     6262.6   hits 7775  false alarms   41  misses    0
t  1957.10s  slot  39142/72000  seg  65  found 1268/2400 (52.8%)  reward     6271.5   hits 7784  false alarms   41  misses    0
t  1958.35s  slot  39167/72000  seg  65  found 1268/2400 (52.8%)  reward     6278.4   hits 7792  false alarms   41  misses    0
t  1959.65s  slot  39193/72000  seg  65  found 1268/2400 (52.8%)  reward     6284.7   hits 7798  false alarms   41  misses    0
t  1961.00s  slot  39220/72000  seg  65  found 1268/2400 (52.8%)  reward     6289.4   hits 7804  false alarms   41  misses    0
t  1962.40s  slot  39248/72000  seg  65  found 1270/2400 (52.9%)  reward     6296.1   hits 7811  false alarms   41  misses    0
t  1963.85s  slot  39277/72000  seg  65  found 1270/2400 (52.9%)  reward     6298.7   hits 7817  false alarms   41  misses    0
t  1964.85s  slot  39297/72000  seg  65  found 1270/2400 (52.9%)  reward     6303.0   hits 7821  false alarms   41  misses    0
t  1965.95s  slot  39319/72000  seg  65  found 1270/2400 (52.9%)  reward     6311.7   hits 7830  false alarms   41  misses    0
t  1967.35s  slot  39347/72000  seg  65  found 1270/2400 (52.9%)  reward     6317.1   hits 7836  false alarms   41  misses    0
t  1968.85s  slot  39377/72000  seg  65  found 1270/2400 (52.9%)  reward     6320.9   hits 7841  false alarms   41  misses    0
t  1970.15s  slot  39403/72000  seg  65  found 1270/2400 (52.9%)  reward     6323.6   hits 7846  false alarms   41  misses    0
t  1971.45s  slot  39429/72000  seg  65  found 1270/2400 (52.9%)  reward     6330.2   hits 7853  false alarms   41  misses    0
t  1972.60s  slot  39452/72000  seg  65  found 1270/2400 (52.9%)  reward     6338.1   hits 7862  false alarms   41  misses    0
t  1974.10s  slot  39482/72000  seg  65  found 1270/2400 (52.9%)  reward     6340.8   hits 7867  false alarms   41  misses    0
t  1975.25s  slot  39505/72000  seg  65  found 1270/2400 (52.9%)  reward     6350.3   hits 7877  false alarms   41  misses    0
t  1976.55s  slot  39531/72000  seg  65  found 1270/2400 (52.9%)  reward     6356.7   hits 7883  false alarms   41  misses    0
t  1977.90s  slot  39558/72000  seg  65  found 1270/2400 (52.9%)  reward     6364.0   hits 7890  false alarms   41  misses    0
t  1979.30s  slot  39586/72000  seg  65  found 1270/2400 (52.9%)  reward     6372.8   hits 7900  false alarms   41  misses    0
t  1980.45s  slot  39609/72000  seg  66  found 1274/2400 (53.1%)  reward     6377.9   hits 7905  false alarms   41  misses    0
t  1981.60s  slot  39632/72000  seg  66  found 1282/2400 (53.4%)  reward     6386.5   hits 7914  false alarms   41  misses    0
t  1982.85s  slot  39657/72000  seg  66  found 1288/2400 (53.7%)  reward     6396.8   hits 7922  false alarms   41  misses    0
t  1984.35s  slot  39687/72000  seg  66  found 1288/2400 (53.7%)  reward     6405.3   hits 7931  false alarms   41  misses    0
t  1986.45s  slot  39729/72000  seg  66  found 1288/2400 (53.7%)  reward     6413.4   hits 7941  false alarms   41  misses    0
t  1988.00s  slot  39760/72000  seg  66  found 1288/2400 (53.7%)  reward     6417.4   hits 7947  false alarms   41  misses    0
t  1989.75s  slot  39795/72000  seg  66  found 1288/2400 (53.7%)  reward     6420.0   hits 7952  false alarms   41  misses    0
t  1991.35s  slot  39827/72000  seg  66  found 1288/2400 (53.7%)  reward     6431.5   hits 7965  false alarms   41  misses    0
t  1992.95s  slot  39859/72000  seg  66  found 1288/2400 (53.7%)  reward     6444.1   hits 7978  false alarms   41  misses    0
t  1994.95s  slot  39899/72000  seg  66  found 1288/2400 (53.7%)  reward     6449.7   hits 7986  false alarms   41  misses    0
t  1997.05s  slot  39941/72000  seg  66  found 1288/2400 (53.7%)  reward     6455.8   hits 7993  false alarms   41  misses    0
t  1998.40s  slot  39968/72000  seg  66  found 1288/2400 (53.7%)  reward     6466.6   hits 8004  false alarms   41  misses    0
t  2000.15s  slot  40003/72000  seg  66  found 1288/2400 (53.7%)  reward     6469.9   hits 8011  false alarms   41  misses    0
t  2001.50s  slot  40030/72000  seg  66  found 1288/2400 (53.7%)  reward     6476.7   hits 8017  false alarms   41  misses    0
t  2002.80s  slot  40056/72000  seg  66  found 1288/2400 (53.7%)  reward     6478.0   hits 8019  false alarms   41  misses    0
t  2004.10s  slot  40082/72000  seg  66  found 1288/2400 (53.7%)  reward     6486.1   hits 8027  false alarms   42  misses    0
t  2005.40s  slot  40108/72000  seg  66  found 1288/2400 (53.7%)  reward     6491.7   hits 8033  false alarms   42  misses    0
t  2006.90s  slot  40138/72000  seg  66  found 1290/2400 (53.8%)  reward     6498.4   hits 8039  false alarms   42  misses    0
t  2008.40s  slot  40168/72000  seg  66  found 1290/2400 (53.8%)  reward     6505.2   hits 8046  false alarms   42  misses    0
t  2009.70s  slot  40194/72000  seg  66  found 1290/2400 (53.8%)  reward     6515.8   hits 8056  false alarms   42  misses    0
t  2011.25s  slot  40225/72000  seg  67  found 1302/2400 (54.2%)  reward     6522.2   hits 8064  false alarms   42  misses    0
t  2012.90s  slot  40258/72000  seg  67  found 1306/2400 (54.4%)  reward     6526.7   hits 8069  false alarms   42  misses    0
t  2014.55s  slot  40291/72000  seg  67  found 1308/2400 (54.5%)  reward     6533.1   hits 8075  false alarms   42  misses    0
t  2016.20s  slot  40324/72000  seg  67  found 1308/2400 (54.5%)  reward     6542.7   hits 8085  false alarms   42  misses    0
t  2017.70s  slot  40354/72000  seg  67  found 1310/2400 (54.6%)  reward     6557.7   hits 8100  false alarms   42  misses    0
t  2019.20s  slot  40384/72000  seg  67  found 1310/2400 (54.6%)  reward     6569.1   hits 8112  false alarms   42  misses    0
t  2021.05s  slot  40421/72000  seg  67  found 1310/2400 (54.6%)  reward     6576.6   hits 8121  false alarms   42  misses    0
t  2022.90s  slot  40458/72000  seg  67  found 1310/2400 (54.6%)  reward     6587.8   hits 8133  false alarms   42  misses    0
t  2024.50s  slot  40490/72000  seg  67  found 1310/2400 (54.6%)  reward     6596.2   hits 8143  false alarms   42  misses    0
t  2026.10s  slot  40522/72000  seg  67  found 1310/2400 (54.6%)  reward     6608.7   hits 8156  false alarms   42  misses    0
t  2027.90s  slot  40558/72000  seg  67  found 1310/2400 (54.6%)  reward     6617.7   hits 8165  false alarms   42  misses    0
t  2029.95s  slot  40599/72000  seg  67  found 1310/2400 (54.6%)  reward     6624.5   hits 8172  false alarms   42  misses    0
t  2032.15s  slot  40643/72000  seg  67  found 1310/2400 (54.6%)  reward     6635.1   hits 8184  false alarms   42  misses    0
t  2034.15s  slot  40683/72000  seg  67  found 1310/2400 (54.6%)  reward     6643.1   hits 8193  false alarms   42  misses    0
t  2036.15s  slot  40723/72000  seg  67  found 1310/2400 (54.6%)  reward     6654.6   hits 8206  false alarms   42  misses    0
t  2037.90s  slot  40758/72000  seg  67  found 1310/2400 (54.6%)  reward     6665.2   hits 8217  false alarms   42  misses    0
t  2039.35s  slot  40787/72000  seg  67  found 1310/2400 (54.6%)  reward     6670.1   hits 8223  false alarms   42  misses    0
t  2041.05s  slot  40821/72000  seg  68  found 1318/2400 (54.9%)  reward     6678.5   hits 8233  false alarms   42  misses    0
t  2042.75s  slot  40855/72000  seg  68  found 1324/2400 (55.2%)  reward     6691.1   hits 8246  false alarms   42  misses    0
t  2044.70s  slot  40894/72000  seg  68  found 1328/2400 (55.3%)  reward     6698.2   hits 8255  false alarms   42  misses    0
t  2046.50s  slot  40930/72000  seg  68  found 1328/2400 (55.3%)  reward     6710.4   hits 8270  false alarms   42  misses    0
t  2048.50s  slot  40970/72000  seg  68  found 1328/2400 (55.3%)  reward     6714.4   hits 8276  false alarms   42  misses    0
t  2050.15s  slot  41003/72000  seg  68  found 1328/2400 (55.3%)  reward     6727.7   hits 8288  false alarms   42  misses    0
t  2052.05s  slot  41041/72000  seg  68  found 1328/2400 (55.3%)  reward     6735.8   hits 8296  false alarms   42  misses    0
t  2053.80s  slot  41076/72000  seg  68  found 1330/2400 (55.4%)  reward     6751.7   hits 8311  false alarms   42  misses    0
t  2055.45s  slot  41109/72000  seg  68  found 1330/2400 (55.4%)  reward     6757.5   hits 8318  false alarms   42  misses    0
t  2057.15s  slot  41143/72000  seg  68  found 1330/2400 (55.4%)  reward     6763.5   hits 8326  false alarms   42  misses    0
t  2059.15s  slot  41183/72000  seg  68  found 1330/2400 (55.4%)  reward     6768.9   hits 8333  false alarms   42  misses    0
t  2060.70s  slot  41214/72000  seg  68  found 1330/2400 (55.4%)  reward     6781.5   hits 8345  false alarms   42  misses    0
t  2062.65s  slot  41253/72000  seg  68  found 1330/2400 (55.4%)  reward     6791.5   hits 8355  false alarms   42  misses    0
t  2064.50s  slot  41290/72000  seg  68  found 1330/2400 (55.4%)  reward     6803.3   hits 8367  false alarms   42  misses    0
t  2066.25s  slot  41325/72000  seg  68  found 1330/2400 (55.4%)  reward     6813.3   hits 8378  false alarms   42  misses    0
t  2068.15s  slot  41363/72000  seg  68  found 1330/2400 (55.4%)  reward     6825.7   hits 8391  false alarms   42  misses    0
t  2070.05s  slot  41401/72000  seg  69  found 1332/2400 (55.5%)  reward     6836.5   hits 8403  false alarms   42  misses    0
t  2071.75s  slot  41435/72000  seg  69  found 1344/2400 (56.0%)  reward     6849.1   hits 8417  false alarms   42  misses    0
t  2073.80s  slot  41476/72000  seg  69  found 1348/2400 (56.2%)  reward     6859.9   hits 8429  false alarms   42  misses    0
t  2075.75s  slot  41515/72000  seg  69  found 1350/2400 (56.2%)  reward     6870.4   hits 8439  false alarms   42  misses    0
t  2077.35s  slot  41547/72000  seg  69  found 1350/2400 (56.2%)  reward     6881.1   hits 8451  false alarms   42  misses    0
t  2079.05s  slot  41581/72000  seg  69  found 1350/2400 (56.2%)  reward     6887.2   hits 8457  false alarms   42  misses    0
t  2080.95s  slot  41619/72000  seg  69  found 1350/2400 (56.2%)  reward     6897.0   hits 8467  false alarms   42  misses    0
t  2082.85s  slot  41657/72000  seg  69  found 1350/2400 (56.2%)  reward     6903.7   hits 8476  false alarms   42  misses    0
t  2084.65s  slot  41693/72000  seg  69  found 1350/2400 (56.2%)  reward     6916.3   hits 8490  false alarms   42  misses    0
t  2086.80s  slot  41736/72000  seg  69  found 1350/2400 (56.2%)  reward     6923.5   hits 8498  false alarms   43  misses    0
t  2088.35s  slot  41767/72000  seg  69  found 1350/2400 (56.2%)  reward     6932.4   hits 8509  false alarms   43  misses    0
t  2090.10s  slot  41802/72000  seg  69  found 1350/2400 (56.2%)  reward     6941.3   hits 8518  false alarms   43  misses    0
t  2091.85s  slot  41837/72000  seg  69  found 1350/2400 (56.2%)  reward     6951.7   hits 8529  false alarms   43  misses    0
t  2093.75s  slot  41875/72000  seg  69  found 1350/2400 (56.2%)  reward     6958.1   hits 8536  false alarms   43  misses    0
t  2095.15s  slot  41903/72000  seg  69  found 1350/2400 (56.2%)  reward     6966.4   hits 8544  false alarms   43  misses    0
t  2096.40s  slot  41928/72000  seg  69  found 1350/2400 (56.2%)  reward     6975.2   hits 8553  false alarms   43  misses    0
t  2097.70s  slot  41954/72000  seg  69  found 1350/2400 (56.2%)  reward     6979.2   hits 8558  false alarms   44  misses    0
t  2099.20s  slot  41984/72000  seg  69  found 1350/2400 (56.2%)  reward     6986.2   hits 8566  false alarms   44  misses    0
t  2100.80s  slot  42016/72000  seg  70  found 1358/2400 (56.6%)  reward     6996.2   hits 8576  false alarms   44  misses    0
t  2102.30s  slot  42046/72000  seg  70  found 1362/2400 (56.8%)  reward     7008.2   hits 8589  false alarms   44  misses    0
t  2104.10s  slot  42082/72000  seg  70  found 1367/2400 (57.0%)  reward     7023.0   hits 8605  false alarms   44  misses    0
t  2105.60s  slot  42112/72000  seg  70  found 1368/2400 (57.0%)  reward     7033.9   hits 8615  false alarms   44  misses    0
t  2107.50s  slot  42150/72000  seg  70  found 1368/2400 (57.0%)  reward     7039.1   hits 8622  false alarms   44  misses    0
t  2109.50s  slot  42190/72000  seg  70  found 1368/2400 (57.0%)  reward     7048.6   hits 8631  false alarms   44  misses    0
t  2110.65s  slot  42213/72000  seg  70  found 1370/2400 (57.1%)  reward     7058.0   hits 8641  false alarms   44  misses    0
t  2112.30s  slot  42246/72000  seg  70  found 1370/2400 (57.1%)  reward     7067.9   hits 8651  false alarms   44  misses    0
t  2113.95s  slot  42279/72000  seg  70  found 1370/2400 (57.1%)  reward     7074.6   hits 8658  false alarms   44  misses    0
t  2115.60s  slot  42312/72000  seg  70  found 1370/2400 (57.1%)  reward     7085.6   hits 8670  false alarms   44  misses    0
t  2117.60s  slot  42352/72000  seg  70  found 1370/2400 (57.1%)  reward     7097.6   hits 8682  false alarms   44  misses    0
t  2119.15s  slot  42383/72000  seg  70  found 1370/2400 (57.1%)  reward     7103.2   hits 8689  false alarms   44  misses    0
t  2120.70s  slot  42414/72000  seg  70  found 1370/2400 (57.1%)  reward     7112.9   hits 8698  false alarms   44  misses    0
t  2122.65s  slot  42453/72000  seg  70  found 1370/2400 (57.1%)  reward     7118.5   hits 8707  false alarms   44  misses    0
t  2124.20s  slot  42484/72000  seg  70  found 1370/2400 (57.1%)  reward     7131.2   hits 8719  false alarms   44  misses    0
t  2126.20s  slot  42524/72000  seg  70  found 1370/2400 (57.1%)  reward     7137.5   hits 8727  false alarms   44  misses    0
t  2128.10s  slot  42562/72000  seg  70  found 1370/2400 (57.1%)  reward     7145.6   hits 8736  false alarms   44  misses    0
t  2129.95s  slot  42599/72000  seg  70  found 1370/2400 (57.1%)  reward     7156.3   hits 8746  false alarms   45  misses    0
t  2131.70s  slot  42634/72000  seg  71  found 1382/2400 (57.6%)  reward     7165.6   hits 8756  false alarms   45  misses    0
t  2133.50s  slot  42670/72000  seg  71  found 1386/2400 (57.8%)  reward     7172.2   hits 8765  false alarms   45  misses    0
t  2135.20s  slot  42704/72000  seg  71  found 1386/2400 (57.8%)  reward     7183.8   hits 8777  false alarms   45  misses    0
t  2136.95s  slot  42739/72000  seg  71  found 1388/2400 (57.8%)  reward     7196.6   hits 8792  false alarms   45  misses    0
t  2138.75s  slot  42775/72000  seg  71  found 1388/2400 (57.8%)  reward     7204.3   hits 8800  false alarms   45  misses    0
t  2140.50s  slot  42810/72000  seg  71  found 1388/2400 (57.8%)  reward     7208.7   hits 8805  false alarms   45  misses    0
t  2142.20s  slot  42844/72000  seg  71  found 1388/2400 (57.8%)  reward     7216.3   hits 8814  false alarms   45  misses    0
t  2144.00s  slot  42880/72000  seg  71  found 1388/2400 (57.8%)  reward     7228.2   hits 8824  false alarms   45  misses    0
t  2145.75s  slot  42915/72000  seg  71  found 1390/2400 (57.9%)  reward     7241.5   hits 8836  false alarms   45  misses    0
t  2147.40s  slot  42948/72000  seg  71  found 1390/2400 (57.9%)  reward     7251.8   hits 8847  false alarms   45  misses    0
t  2149.15s  slot  42983/72000  seg  71  found 1390/2400 (57.9%)  reward     7260.0   hits 8855  false alarms   45  misses    0
t  2151.10s  slot  43022/72000  seg  71  found 1390/2400 (57.9%)  reward     7270.1   hits 8865  false alarms   45  misses    0
t  2152.90s  slot  43058/72000  seg  71  found 1390/2400 (57.9%)  reward     7282.5   hits 8878  false alarms   45  misses    0
t  2154.35s  slot  43087/72000  seg  71  found 1390/2400 (57.9%)  reward     7292.1   hits 8888  false alarms   45  misses    0
t  2155.70s  slot  43114/72000  seg  71  found 1390/2400 (57.9%)  reward     7299.4   hits 8895  false alarms   45  misses    0
t  2157.85s  slot  43157/72000  seg  71  found 1390/2400 (57.9%)  reward     7308.8   hits 8906  false alarms   45  misses    0
t  2159.80s  slot  43196/72000  seg  71  found 1390/2400 (57.9%)  reward     7317.9   hits 8915  false alarms   45  misses    0
t  2160.90s  slot  43218/72000  seg  72  found 1395/2400 (58.1%)  reward     7321.7   hits 8919  false alarms   45  misses    0
t  2162.35s  slot  43247/72000  seg  72  found 1406/2400 (58.6%)  reward     7333.3   hits 8932  false alarms   45  misses    0
t  2164.35s  slot  43287/72000  seg  72  found 1408/2400 (58.7%)  reward     7339.5   hits 8940  false alarms   45  misses    0
t  2165.90s  slot  43318/72000  seg  72  found 1410/2400 (58.8%)  reward     7350.8   hits 8951  false alarms   45  misses    0
t  2167.80s  slot  43356/72000  seg  72  found 1410/2400 (58.8%)  reward     7361.5   hits 8965  false alarms   45  misses    0
t  2169.35s  slot  43387/72000  seg  72  found 1410/2400 (58.8%)  reward     7366.2   hits 8971  false alarms   45  misses    0
t  2171.05s  slot  43421/72000  seg  72  found 1410/2400 (58.8%)  reward     7377.5   hits 8983  false alarms   45  misses    0
t  2172.75s  slot  43455/72000  seg  72  found 1410/2400 (58.8%)  reward     7387.1   hits 8993  false alarms   45  misses    0
t  2174.40s  slot  43488/72000  seg  72  found 1410/2400 (58.8%)  reward     7402.0   hits 9007  false alarms   45  misses    0
t  2176.10s  slot  43522/72000  seg  72  found 1410/2400 (58.8%)  reward     7413.2   hits 9018  false alarms   45  misses    0
t  2177.40s  slot  43548/72000  seg  72  found 1410/2400 (58.8%)  reward     7419.0   hits 9024  false alarms   45  misses    0
t  2178.50s  slot  43570/72000  seg  72  found 1410/2400 (58.8%)  reward     7426.6   hits 9032  false alarms   45  misses    0
t  2180.05s  slot  43601/72000  seg  72  found 1410/2400 (58.8%)  reward     7438.4   hits 9045  false alarms   45  misses    0
t  2181.30s  slot  43626/72000  seg  72  found 1410/2400 (58.8%)  reward     7447.3   hits 9054  false alarms   45  misses    0
t  2183.00s  slot  43660/72000  seg  72  found 1410/2400 (58.8%)  reward     7453.2   hits 9061  false alarms   45  misses    0
t  2184.70s  slot  43694/72000  seg  72  found 1410/2400 (58.8%)  reward     7464.4   hits 9073  false alarms   45  misses    0
t  2186.40s  slot  43728/72000  seg  72  found 1410/2400 (58.8%)  reward     7472.2   hits 9082  false alarms   45  misses    0
t  2188.35s  slot  43767/72000  seg  72  found 1410/2400 (58.8%)  reward     7478.8   hits 9090  false alarms   45  misses    0
t  2189.85s  slot  43797/72000  seg  72  found 1410/2400 (58.8%)  reward     7492.4   hits 9103  false alarms   45  misses    0
t  2191.50s  slot  43830/72000  seg  73  found 1420/2400 (59.2%)  reward     7501.3   hits 9113  false alarms   45  misses    0
t  2193.20s  slot  43864/72000  seg  73  found 1424/2400 (59.3%)  reward     7508.7   hits 9121  false alarms   45  misses    0
t  2194.90s  slot  43898/72000  seg  73  found 1428/2400 (59.5%)  reward     7521.9   hits 9135  false alarms   45  misses    0
t  2196.75s  slot  43935/72000  seg  73  found 1428/2400 (59.5%)  reward     7531.6   hits 9145  false alarms   45  misses    0
t  2198.45s  slot  43969/72000  seg  73  found 1430/2400 (59.6%)  reward     7542.4   hits 9155  false alarms   45  misses    0
t  2199.85s  slot  43997/72000  seg  73  found 1430/2400 (59.6%)  reward     7552.8   hits 9166  false alarms   45  misses    0
t  2201.15s  slot  44023/72000  seg  73  found 1430/2400 (59.6%)  reward     7560.7   hits 9174  false alarms   45  misses    0
t  2202.60s  slot  44052/72000  seg  73  found 1430/2400 (59.6%)  reward     7562.7   hits 9177  false alarms   45  misses    0
t  2204.10s  slot  44082/72000  seg  73  found 1430/2400 (59.6%)  reward     7576.9   hits 9191  false alarms   45  misses    0
t  2205.05s  slot  44101/72000  seg  73  found 1430/2400 (59.6%)  reward     7580.3   hits 9195  false alarms   45  misses    0
t  2206.10s  slot  44122/72000  seg  73  found 1430/2400 (59.6%)  reward     7586.4   hits 9201  false alarms   45  misses    0
t  2207.45s  slot  44149/72000  seg  73  found 1430/2400 (59.6%)  reward     7590.2   hits 9206  false alarms   45  misses    0
t  2208.50s  slot  44170/72000  seg  73  found 1430/2400 (59.6%)  reward     7595.7   hits 9212  false alarms   45  misses    0
t  2209.75s  slot  44195/72000  seg  73  found 1430/2400 (59.6%)  reward     7606.2   hits 9223  false alarms   46  misses    0
t  2210.80s  slot  44216/72000  seg  73  found 1430/2400 (59.6%)  reward     7612.7   hits 9230  false alarms   46  misses    0
t  2212.30s  slot  44246/72000  seg  73  found 1430/2400 (59.6%)  reward     7615.6   hits 9234  false alarms   46  misses    0
t  2213.75s  slot  44275/72000  seg  73  found 1430/2400 (59.6%)  reward     7626.8   hits 9245  false alarms   46  misses    0
t  2215.35s  slot  44307/72000  seg  73  found 1430/2400 (59.6%)  reward     7634.4   hits 9253  false alarms   46  misses    0
t  2216.85s  slot  44337/72000  seg  73  found 1430/2400 (59.6%)  reward     7641.7   hits 9262  false alarms   46  misses    0
t  2218.20s  slot  44364/72000  seg  73  found 1430/2400 (59.6%)  reward     7650.7   hits 9272  false alarms   46  misses    0
t  2219.75s  slot  44395/72000  seg  73  found 1430/2400 (59.6%)  reward     7660.0   hits 9282  false alarms   46  misses    0
t  2221.40s  slot  44428/72000  seg  74  found 1442/2400 (60.1%)  reward     7674.3   hits 9296  false alarms   46  misses    0
t  2222.60s  slot  44452/72000  seg  74  found 1444/2400 (60.2%)  reward     7681.3   hits 9304  false alarms   46  misses    0
t  2223.80s  slot  44476/72000  seg  74  found 1446/2400 (60.2%)  reward     7687.9   hits 9311  false alarms   46  misses    0
t  2224.90s  slot  44498/72000  seg  74  found 1446/2400 (60.2%)  reward     7690.2   hits 9314  false alarms   46  misses    0
t  2226.25s  slot  44525/72000  seg  74  found 1450/2400 (60.4%)  reward     7699.1   hits 9322  false alarms   46  misses    0
t  2227.45s  slot  44549/72000  seg  74  found 1450/2400 (60.4%)  reward     7705.3   hits 9328  false alarms   46  misses    0
t  2228.95s  slot  44579/72000  seg  74  found 1450/2400 (60.4%)  reward     7711.8   hits 9335  false alarms   46  misses    0
t  2230.20s  slot  44604/72000  seg  74  found 1450/2400 (60.4%)  reward     7720.9   hits 9344  false alarms   46  misses    0
t  2231.50s  slot  44630/72000  seg  74  found 1450/2400 (60.4%)  reward     7725.7   hits 9350  false alarms   46  misses    0
t  2233.10s  slot  44662/72000  seg  74  found 1450/2400 (60.4%)  reward     7733.0   hits 9358  false alarms   46  misses    0
t  2234.75s  slot  44695/72000  seg  74  found 1450/2400 (60.4%)  reward     7742.5   hits 9369  false alarms   46  misses    0
t  2236.40s  slot  44728/72000  seg  74  found 1450/2400 (60.4%)  reward     7744.1   hits 9373  false alarms   46  misses    0
t  2237.75s  slot  44755/72000  seg  74  found 1450/2400 (60.4%)  reward     7751.7   hits 9381  false alarms   46  misses    0
t  2239.15s  slot  44783/72000  seg  74  found 1450/2400 (60.4%)  reward     7757.5   hits 9387  false alarms   46  misses    0
t  2240.15s  slot  44803/72000  seg  74  found 1450/2400 (60.4%)  reward     7766.8   hits 9397  false alarms   46  misses    0
t  2241.65s  slot  44833/72000  seg  74  found 1450/2400 (60.4%)  reward     7774.9   hits 9406  false alarms   46  misses    0
t  2243.00s  slot  44860/72000  seg  74  found 1450/2400 (60.4%)  reward     7785.6   hits 9415  false alarms   46  misses    0
t  2244.10s  slot  44882/72000  seg  74  found 1450/2400 (60.4%)  reward     7793.6   hits 9423  false alarms   46  misses    0
t  2245.45s  slot  44909/72000  seg  74  found 1450/2400 (60.4%)  reward     7801.3   hits 9431  false alarms   46  misses    0
t  2246.80s  slot  44936/72000  seg  74  found 1450/2400 (60.4%)  reward     7810.1   hits 9441  false alarms   46  misses    0
t  2248.10s  slot  44962/72000  seg  74  found 1450/2400 (60.4%)  reward     7817.5   hits 9448  false alarms   46  misses    0
t  2249.50s  slot  44990/72000  seg  74  found 1450/2400 (60.4%)  reward     7827.2   hits 9457  false alarms   46  misses    0
t  2250.80s  slot  45016/72000  seg  75  found 1456/2400 (60.7%)  reward     7833.7   hits 9465  false alarms   46  misses    0
t  2252.50s  slot  45050/72000  seg  75  found 1464/2400 (61.0%)  reward     7840.2   hits 9473  false alarms   46  misses    0
t  2254.10s  slot  45082/72000  seg  75  found 1468/2400 (61.2%)  reward     7847.8   hits 9480  false alarms   46  misses    0
t  2255.90s  slot  45118/72000  seg  75  found 1470/2400 (61.3%)  reward     7854.0   hits 9487  false alarms   46  misses    0
t  2257.70s  slot  45154/72000  seg  75  found 1470/2400 (61.3%)  reward     7862.5   hits 9496  false alarms   46  misses    0
t  2259.80s  slot  45196/72000  seg  75  found 1470/2400 (61.3%)  reward     7867.0   hits 9503  false alarms   46  misses    0
t  2261.65s  slot  45233/72000  seg  75  found 1470/2400 (61.3%)  reward     7874.1   hits 9511  false alarms   46  misses    0
t  2263.60s  slot  45272/72000  seg  75  found 1470/2400 (61.3%)  reward     7883.9   hits 9523  false alarms   46  misses    0
t  2265.20s  slot  45304/72000  seg  75  found 1470/2400 (61.3%)  reward     7891.2   hits 9530  false alarms   46  misses    0
t  2266.75s  slot  45335/72000  seg  75  found 1470/2400 (61.3%)  reward     7897.8   hits 9536  false alarms   46  misses    0
t  2268.60s  slot  45372/72000  seg  75  found 1470/2400 (61.3%)  reward     7904.5   hits 9542  false alarms   46  misses    0
t  2270.00s  slot  45400/72000  seg  75  found 1470/2400 (61.3%)  reward     7914.7   hits 9552  false alarms   46  misses    0
t  2270.95s  slot  45419/72000  seg  75  found 1470/2400 (61.3%)  reward     7922.7   hits 9560  false alarms   46  misses    0
t  2271.95s  slot  45439/72000  seg  75  found 1470/2400 (61.3%)  reward     7932.7   hits 9571  false alarms   46  misses    0
t  2273.75s  slot  45475/72000  seg  75  found 1470/2400 (61.3%)  reward     7946.2   hits 9585  false alarms   46  misses    0
t  2275.30s  slot  45506/72000  seg  75  found 1470/2400 (61.3%)  reward     7949.8   hits 9589  false alarms   46  misses    0
t  2276.75s  slot  45535/72000  seg  75  found 1470/2400 (61.3%)  reward     7962.3   hits 9602  false alarms   46  misses    0
t  2278.60s  slot  45572/72000  seg  75  found 1470/2400 (61.3%)  reward     7973.0   hits 9613  false alarms   46  misses    0
t  2280.25s  slot  45605/72000  seg  76  found 1470/2400 (61.3%)  reward     7977.5   hits 9618  false alarms   46  misses    0
t  2281.75s  slot  45635/72000  seg  76  found 1480/2400 (61.7%)  reward     7987.6   hits 9628  false alarms   46  misses    0
t  2283.40s  slot  45668/72000  seg  76  found 1480/2400 (61.7%)  reward     8000.6   hits 9643  false alarms   46  misses    0
t  2285.05s  slot  45701/72000  seg  76  found 1486/2400 (61.9%)  reward     8011.2   hits 9652  false alarms   46  misses    0
t  2286.20s  slot  45724/72000  seg  76  found 1488/2400 (62.0%)  reward     8016.4   hits 9657  false alarms   46  misses    0
t  2287.80s  slot  45756/72000  seg  76  found 1488/2400 (62.0%)  reward     8024.9   hits 9667  false alarms   46  misses    0
t  2289.65s  slot  45793/72000  seg  76  found 1488/2400 (62.0%)  reward     8031.7   hits 9675  false alarms   46  misses    0
t  2291.35s  slot  45827/72000  seg  76  found 1488/2400 (62.0%)  reward     8037.3   hits 9682  false alarms   46  misses    0
t  2292.75s  slot  45855/72000  seg  76  found 1488/2400 (62.0%)  reward     8039.8   hits 9684  false alarms   46  misses    0
t  2294.20s  slot  45884/72000  seg  76  found 1488/2400 (62.0%)  reward     8049.9   hits 9694  false alarms   46  misses    0
t  2296.05s  slot  45921/72000  seg  76  found 1488/2400 (62.0%)  reward     8058.0   hits 9704  false alarms   46  misses    0
t  2298.10s  slot  45962/72000  seg  76  found 1488/2400 (62.0%)  reward     8071.1   hits 9716  false alarms   46  misses    0
t  2299.95s  slot  45999/72000  seg  76  found 1488/2400 (62.0%)  reward     8074.8   hits 9721  false alarms   46  misses    0
t  2301.60s  slot  46032/72000  seg  76  found 1488/2400 (62.0%)  reward     8078.3   hits 9726  false alarms   46  misses    0
t  2303.45s  slot  46069/72000  seg  76  found 1488/2400 (62.0%)  reward     8086.2   hits 9736  false alarms   46  misses    0
t  2305.65s  slot  46113/72000  seg  76  found 1488/2400 (62.0%)  reward     8090.1   hits 9743  false alarms   46  misses    0
t  2307.45s  slot  46149/72000  seg  76  found 1488/2400 (62.0%)  reward     8102.0   hits 9754  false alarms   46  misses    0
t  2309.05s  slot  46181/72000  seg  76  found 1488/2400 (62.0%)  reward     8109.7   hits 9762  false alarms   46  misses    0
t  2310.90s  slot  46218/72000  seg  77  found 1493/2400 (62.2%)  reward     8117.3   hits 9773  false alarms   46  misses    0
t  2312.30s  slot  46246/72000  seg  77  found 1499/2400 (62.5%)  reward     8123.4   hits 9780  false alarms   46  misses    0
t  2314.10s  slot  46282/72000  seg  77  found 1504/2400 (62.7%)  reward     8134.8   hits 9791  false alarms   46  misses    0
t  2315.95s  slot  46319/72000  seg  77  found 1508/2400 (62.8%)  reward     8140.2   hits 9796  false alarms   47  misses    0
t  2317.80s  slot  46356/72000  seg  77  found 1508/2400 (62.8%)  reward     8148.6   hits 9806  false alarms   47  misses    0
t  2319.60s  slot  46392/72000  seg  77  found 1508/2400 (62.8%)  reward     8159.6   hits 9817  false alarms   47  misses    0
t  2321.30s  slot  46426/72000  seg  77  found 1508/2400 (62.8%)  reward     8168.5   hits 9827  false alarms   47  misses    0
t  2323.15s  slot  46463/72000  seg  77  found 1508/2400 (62.8%)  reward     8176.9   hits 9836  false alarms   47  misses    0
t  2324.80s  slot  46496/72000  seg  77  found 1508/2400 (62.8%)  reward     8187.8   hits 9847  false alarms   47  misses    0
t  2326.65s  slot  46533/72000  seg  77  found 1508/2400 (62.8%)  reward     8200.9   hits 9861  false alarms   47  misses    0
t  2328.25s  slot  46565/72000  seg  77  found 1508/2400 (62.8%)  reward     8207.4   hits 9869  false alarms   47  misses    0
t  2329.95s  slot  46599/72000  seg  77  found 1508/2400 (62.8%)  reward     8216.4   hits 9879  false alarms   47  misses    0
t  2331.75s  slot  46635/72000  seg  77  found 1508/2400 (62.8%)  reward     8226.2   hits 9890  false alarms   48  misses    0
t  2333.50s  slot  46670/72000  seg  77  found 1508/2400 (62.8%)  reward     8237.6   hits 9904  false alarms   48  misses    0
t  2335.45s  slot  46709/72000  seg  77  found 1508/2400 (62.8%)  reward     8242.4   hits 9911  false alarms   48  misses    0
t  2337.40s  slot  46748/72000  seg  77  found 1508/2400 (62.8%)  reward     8257.3   hits 9924  false alarms   48  misses    0
t  2339.10s  slot  46782/72000  seg  77  found 1508/2400 (62.8%)  reward     8265.4   hits 9933  false alarms   48  misses    0
t  2340.60s  slot  46812/72000  seg  78  found 1512/2400 (63.0%)  reward     8274.6   hits 9944  false alarms   48  misses    0
t  2342.45s  slot  46849/72000  seg  78  found 1516/2400 (63.2%)  reward     8282.2   hits 9952  false alarms   48  misses    0
t  2344.20s  slot  46884/72000  seg  78  found 1522/2400 (63.4%)  reward     8298.0   hits 9968  false alarms   48  misses    0
t  2346.00s  slot  46920/72000  seg  78  found 1524/2400 (63.5%)  reward     8306.0   hits 9977  false alarms   48  misses    0
t  2347.60s  slot  46952/72000  seg  78  found 1524/2400 (63.5%)  reward     8313.5   hits 9984  false alarms   48  misses    0
t  2349.15s  slot  46983/72000  seg  78  found 1526/2400 (63.6%)  reward     8325.2   hits 9996  false alarms   48  misses    0
t  2350.65s  slot  47013/72000  seg  78  found 1528/2400 (63.7%)  reward     8332.4   hits 10004  false alarms   48  misses    0
t  2352.00s  slot  47040/72000  seg  78  found 1528/2400 (63.7%)  reward     8340.3   hits 10013  false alarms   48  misses    0
t  2353.25s  slot  47065/72000  seg  78  found 1528/2400 (63.7%)  reward     8351.2   hits 10025  false alarms   48  misses    0
t  2355.10s  slot  47102/72000  seg  78  found 1528/2400 (63.7%)  reward     8363.0   hits 10040  false alarms   48  misses    0
t  2357.05s  slot  47141/72000  seg  78  found 1528/2400 (63.7%)  reward     8372.4   hits 10050  false alarms   48  misses    0
t  2358.80s  slot  47176/72000  seg  78  found 1528/2400 (63.7%)  reward     8387.1   hits 10063  false alarms   48  misses    0
t  2360.50s  slot  47210/72000  seg  78  found 1528/2400 (63.7%)  reward     8392.9   hits 10069  false alarms   48  misses    0
t  2362.25s  slot  47245/72000  seg  78  found 1528/2400 (63.7%)  reward     8398.8   hits 10076  false alarms   48  misses    0
t  2364.50s  slot  47290/72000  seg  78  found 1528/2400 (63.7%)  reward     8408.7   hits 10086  false alarms   48  misses    0
t  2366.20s  slot  47324/72000  seg  78  found 1528/2400 (63.7%)  reward     8420.1   hits 10097  false alarms   48  misses    0
t  2368.20s  slot  47364/72000  seg  78  found 1528/2400 (63.7%)  reward     8426.4   hits 10106  false alarms   48  misses    0
t  2370.20s  slot  47404/72000  seg  79  found 1530/2400 (63.7%)  reward     8435.9   hits 10117  false alarms   48  misses    0
t  2372.10s  slot  47442/72000  seg  79  found 1536/2400 (64.0%)  reward     8443.4   hits 10124  false alarms   48  misses    0
t  2373.90s  slot  47478/72000  seg  79  found 1542/2400 (64.2%)  reward     8457.7   hits 10137  false alarms   48  misses    0
t  2375.60s  slot  47512/72000  seg  79  found 1548/2400 (64.5%)  reward     8473.9   hits 10154  false alarms   48  misses    0
t  2377.70s  slot  47554/72000  seg  79  found 1548/2400 (64.5%)  reward     8482.2   hits 10163  false alarms   48  misses    0
t  2379.55s  slot  47591/72000  seg  79  found 1548/2400 (64.5%)  reward     8494.6   hits 10175  false alarms   48  misses    0
t  2381.50s  slot  47630/72000  seg  79  found 1548/2400 (64.5%)  reward     8500.3   hits 10184  false alarms   48  misses    0
t  2383.20s  slot  47664/72000  seg  79  found 1548/2400 (64.5%)  reward     8508.1   hits 10193  false alarms   48  misses    0
t  2385.00s  slot  47700/72000  seg  79  found 1548/2400 (64.5%)  reward     8521.7   hits 10206  false alarms   48  misses    0
t  2386.85s  slot  47737/72000  seg  79  found 1548/2400 (64.5%)  reward     8531.9   hits 10217  false alarms   48  misses    0
t  2388.60s  slot  47772/72000  seg  79  found 1548/2400 (64.5%)  reward     8537.6   hits 10224  false alarms   48  misses    0
t  2390.55s  slot  47811/72000  seg  79  found 1548/2400 (64.5%)  reward     8553.4   hits 10238  false alarms   48  misses    0
t  2392.25s  slot  47845/72000  seg  79  found 1548/2400 (64.5%)  reward     8562.1   hits 10248  false alarms   48  misses    0
t  2394.10s  slot  47882/72000  seg  79  found 1548/2400 (64.5%)  reward     8572.4   hits 10260  false alarms   48  misses    0
t  2395.80s  slot  47916/72000  seg  79  found 1548/2400 (64.5%)  reward     8583.1   hits 10270  false alarms   48  misses    0
t  2397.50s  slot  47950/72000  seg  79  found 1548/2400 (64.5%)  reward     8592.7   hits 10280  false alarms   48  misses    0
t  2398.95s  slot  47979/72000  seg  79  found 1548/2400 (64.5%)  reward     8603.5   hits 10291  false alarms   48  misses    0
t  2400.45s  slot  48009/72000  seg  80  found 1552/2400 (64.7%)  reward     8610.7   hits 10299  false alarms   48  misses    0
t  2401.85s  slot  48037/72000  seg  80  found 1562/2400 (65.1%)  reward     8621.9   hits 10310  false alarms   48  misses    0
t  2403.10s  slot  48062/72000  seg  80  found 1562/2400 (65.1%)  reward     8626.8   hits 10315  false alarms   48  misses    0
t  2404.50s  slot  48090/72000  seg  80  found 1564/2400 (65.2%)  reward     8629.1   hits 10318  false alarms   48  misses    0
t  2406.00s  slot  48120/72000  seg  80  found 1564/2400 (65.2%)  reward     8637.3   hits 10328  false alarms   48  misses    0
t  2407.55s  slot  48151/72000  seg  80  found 1564/2400 (65.2%)  reward     8643.5   hits 10335  false alarms   48  misses    0
t  2409.05s  slot  48181/72000  seg  80  found 1564/2400 (65.2%)  reward     8651.1   hits 10343  false alarms   49  misses    0
t  2410.75s  slot  48215/72000  seg  80  found 1564/2400 (65.2%)  reward     8657.0   hits 10351  false alarms   49  misses    0
t  2412.55s  slot  48251/72000  seg  80  found 1564/2400 (65.2%)  reward     8662.7   hits 10357  false alarms   49  misses    0
t  2413.85s  slot  48277/72000  seg  80  found 1566/2400 (65.2%)  reward     8674.3   hits 10368  false alarms   49  misses    0
t  2415.15s  slot  48303/72000  seg  80  found 1566/2400 (65.2%)  reward     8677.2   hits 10373  false alarms   49  misses    0
t  2416.10s  slot  48322/72000  seg  80  found 1566/2400 (65.2%)  reward     8682.2   hits 10379  false alarms   49  misses    0
t  2417.45s  slot  48349/72000  seg  80  found 1566/2400 (65.2%)  reward     8688.3   hits 10386  false alarms   49  misses    0
----------------------------------------
| rollout/                |            |
|    ep_len_mean          | 406        |
|    ep_rew_mean          | 496        |
| time/                   |            |
|    fps                  | 159        |
|    iterations           | 5          |
|    time_elapsed         | 256        |
|    total_timesteps      | 843776     |
| train/                  |            |
|    approx_kl            | 0.00322682 |
|    clip_fraction        | 0.227      |
|    clip_range           | 0.1        |
|    entropy_loss         | -3.45      |
|    explained_variance   | 0.3        |
|    learning_rate        | 1e-05      |
|    loss                 | 3.06       |
|    n_updates            | 1020       |
|    policy_gradient_loss | -0.0174    |
|    value_loss           | 3.92       |
----------------------------------------
t  2417.85s  slot  48357/72000  seg  80  found 1566/2400 (65.2%)  reward     8690.6   hits 10389  false alarms   49  misses    0
t  2419.70s  slot  48394/72000  seg  80  found 1566/2400 (65.2%)  reward     8703.2   hits 10402  false alarms   49  misses    0
t  2421.65s  slot  48433/72000  seg  80  found 1568/2400 (65.3%)  reward     8709.9   hits 10408  false alarms   49  misses    0
t  2423.60s  slot  48472/72000  seg  80  found 1568/2400 (65.3%)  reward     8720.7   hits 10419  false alarms   49  misses    0
t  2425.60s  slot  48512/72000  seg  80  found 1568/2400 (65.3%)  reward     8730.0   hits 10431  false alarms   49  misses    0
t  2427.30s  slot  48546/72000  seg  80  found 1568/2400 (65.3%)  reward     8742.9   hits 10445  false alarms   49  misses    0
t  2429.15s  slot  48583/72000  seg  80  found 1568/2400 (65.3%)  reward     8750.6   hits 10453  false alarms   49  misses    0
t  2431.00s  slot  48620/72000  seg  81  found 1576/2400 (65.7%)  reward     8769.9   hits 10471  false alarms   49  misses    0
t  2432.85s  slot  48657/72000  seg  81  found 1586/2400 (66.1%)  reward     8783.0   hits 10485  false alarms   49  misses    0
t  2434.80s  slot  48696/72000  seg  81  found 1588/2400 (66.2%)  reward     8794.9   hits 10498  false alarms   49  misses    0
t  2436.70s  slot  48734/72000  seg  81  found 1588/2400 (66.2%)  reward     8809.1   hits 10513  false alarms   49  misses    0
t  2438.70s  slot  48774/72000  seg  81  found 1588/2400 (66.2%)  reward     8823.8   hits 10528  false alarms   49  misses    0
t  2440.35s  slot  48807/72000  seg  81  found 1588/2400 (66.2%)  reward     8837.5   hits 10542  false alarms   49  misses    0
t  2442.15s  slot  48843/72000  seg  81  found 1588/2400 (66.2%)  reward     8846.7   hits 10552  false alarms   49  misses    0
t  2444.25s  slot  48885/72000  seg  81  found 1588/2400 (66.2%)  reward     8857.0   hits 10563  false alarms   49  misses    0
t  2445.90s  slot  48918/72000  seg  81  found 1588/2400 (66.2%)  reward     8864.1   hits 10571  false alarms   49  misses    0
t  2447.85s  slot  48957/72000  seg  81  found 1588/2400 (66.2%)  reward     8875.7   hits 10583  false alarms   49  misses    0
t  2449.55s  slot  48991/72000  seg  81  found 1588/2400 (66.2%)  reward     8885.7   hits 10594  false alarms   49  misses    0
t  2450.80s  slot  49016/72000  seg  81  found 1588/2400 (66.2%)  reward     8893.3   hits 10601  false alarms   49  misses    0
t  2452.50s  slot  49050/72000  seg  81  found 1588/2400 (66.2%)  reward     8903.3   hits 10612  false alarms   49  misses    0
t  2454.20s  slot  49084/72000  seg  81  found 1588/2400 (66.2%)  reward     8917.7   hits 10627  false alarms   49  misses    0
t  2455.75s  slot  49115/72000  seg  81  found 1588/2400 (66.2%)  reward     8929.6   hits 10640  false alarms   49  misses    0
t  2456.95s  slot  49139/72000  seg  81  found 1588/2400 (66.2%)  reward     8935.4   hits 10645  false alarms   49  misses    0
t  2458.70s  slot  49174/72000  seg  81  found 1588/2400 (66.2%)  reward     8948.6   hits 10659  false alarms   49  misses    0
t  2460.70s  slot  49214/72000  seg  82  found 1594/2400 (66.4%)  reward     8961.0   hits 10673  false alarms   49  misses    0
t  2462.70s  slot  49254/72000  seg  82  found 1602/2400 (66.8%)  reward     8974.7   hits 10688  false alarms   49  misses    0
t  2464.70s  slot  49294/72000  seg  82  found 1605/2400 (66.9%)  reward     8984.6   hits 10697  false alarms   49  misses    0
t  2466.35s  slot  49327/72000  seg  82  found 1608/2400 (67.0%)  reward     8995.5   hits 10709  false alarms   49  misses    0
t  2468.05s  slot  49361/72000  seg  82  found 1608/2400 (67.0%)  reward     9006.7   hits 10720  false alarms   49  misses    0
t  2469.85s  slot  49397/72000  seg  82  found 1608/2400 (67.0%)  reward     9016.0   hits 10732  false alarms   49  misses    0
t  2471.75s  slot  49435/72000  seg  82  found 1608/2400 (67.0%)  reward     9024.9   hits 10741  false alarms   49  misses    0
t  2473.60s  slot  49472/72000  seg  82  found 1608/2400 (67.0%)  reward     9034.4   hits 10751  false alarms   49  misses    0
t  2475.40s  slot  49508/72000  seg  82  found 1608/2400 (67.0%)  reward     9040.3   hits 10759  false alarms   49  misses    0
t  2476.95s  slot  49539/72000  seg  82  found 1608/2400 (67.0%)  reward     9051.7   hits 10771  false alarms   49  misses    0
t  2478.75s  slot  49575/72000  seg  82  found 1608/2400 (67.0%)  reward     9060.8   hits 10781  false alarms   49  misses    0
t  2480.50s  slot  49610/72000  seg  82  found 1608/2400 (67.0%)  reward     9071.5   hits 10793  false alarms   49  misses    0
t  2481.90s  slot  49638/72000  seg  82  found 1608/2400 (67.0%)  reward     9083.3   hits 10806  false alarms   49  misses    0
t  2483.50s  slot  49670/72000  seg  82  found 1608/2400 (67.0%)  reward     9091.6   hits 10814  false alarms   49  misses    0
t  2484.40s  slot  49688/72000  seg  82  found 1608/2400 (67.0%)  reward     9099.2   hits 10822  false alarms   49  misses    0
t  2485.95s  slot  49719/72000  seg  82  found 1608/2400 (67.0%)  reward     9104.4   hits 10829  false alarms   49  misses    0
t  2487.00s  slot  49740/72000  seg  82  found 1608/2400 (67.0%)  reward     9112.8   hits 10837  false alarms   49  misses    0
t  2488.55s  slot  49771/72000  seg  82  found 1608/2400 (67.0%)  reward     9120.5   hits 10845  false alarms   49  misses    0
t  2490.20s  slot  49804/72000  seg  83  found 1608/2400 (67.0%)  reward     9128.6   hits 10854  false alarms   49  misses    0
t  2491.50s  slot  49830/72000  seg  83  found 1620/2400 (67.5%)  reward     9140.2   hits 10866  false alarms   49  misses    0
t  2493.15s  slot  49863/72000  seg  83  found 1624/2400 (67.7%)  reward     9152.1   hits 10878  false alarms   49  misses    0
t  2494.60s  slot  49892/72000  seg  83  found 1626/2400 (67.8%)  reward     9161.5   hits 10887  false alarms   49  misses    0
t  2496.55s  slot  49931/72000  seg  83  found 1628/2400 (67.8%)  reward     9168.6   hits 10895  false alarms   49  misses    0
t  2498.30s  slot  49966/72000  seg  83  found 1628/2400 (67.8%)  reward     9182.3   hits 10909  false alarms   49  misses    0
t  2500.00s  slot  50000/72000  seg  83  found 1628/2400 (67.8%)  reward     9191.3   hits 10918  false alarms   49  misses    0
t  2501.70s  slot  50034/72000  seg  83  found 1628/2400 (67.8%)  reward     9204.9   hits 10932  false alarms   49  misses    0
t  2503.65s  slot  50073/72000  seg  83  found 1628/2400 (67.8%)  reward     9218.1   hits 10946  false alarms   49  misses    0
t  2505.65s  slot  50113/72000  seg  83  found 1628/2400 (67.8%)  reward     9226.4   hits 10956  false alarms   49  misses    0
t  2507.60s  slot  50152/72000  seg  83  found 1628/2400 (67.8%)  reward     9236.3   hits 10966  false alarms   49  misses    0
t  2509.45s  slot  50189/72000  seg  83  found 1628/2400 (67.8%)  reward     9245.8   hits 10976  false alarms   49  misses    0
t  2511.25s  slot  50225/72000  seg  83  found 1628/2400 (67.8%)  reward     9261.4   hits 10991  false alarms   49  misses    0
t  2513.15s  slot  50263/72000  seg  83  found 1628/2400 (67.8%)  reward     9276.3   hits 11007  false alarms   49  misses    0
t  2514.90s  slot  50298/72000  seg  83  found 1628/2400 (67.8%)  reward     9285.4   hits 11016  false alarms   49  misses    0
t  2516.40s  slot  50328/72000  seg  83  found 1628/2400 (67.8%)  reward     9299.1   hits 11030  false alarms   49  misses    0
t  2518.40s  slot  50368/72000  seg  83  found 1628/2400 (67.8%)  reward     9310.6   hits 11042  false alarms   49  misses    0
t  2520.10s  slot  50402/72000  seg  84  found 1631/2400 (68.0%)  reward     9327.3   hits 11060  false alarms   49  misses    0
t  2521.40s  slot  50428/72000  seg  84  found 1641/2400 (68.4%)  reward     9337.0   hits 11069  false alarms   49  misses    0
t  2523.00s  slot  50460/72000  seg  84  found 1644/2400 (68.5%)  reward     9349.2   hits 11082  false alarms   49  misses    0
t  2524.65s  slot  50493/72000  seg  84  found 1645/2400 (68.5%)  reward     9359.4   hits 11092  false alarms   49  misses    0
t  2526.20s  slot  50524/72000  seg  84  found 1645/2400 (68.5%)  reward     9368.7   hits 11102  false alarms   49  misses    0
t  2527.55s  slot  50551/72000  seg  84  found 1648/2400 (68.7%)  reward     9382.2   hits 11115  false alarms   50  misses    0
t  2528.70s  slot  50574/72000  seg  84  found 1648/2400 (68.7%)  reward     9392.4   hits 11124  false alarms   50  misses    0
t  2530.35s  slot  50607/72000  seg  84  found 1648/2400 (68.7%)  reward     9397.0   hits 11130  false alarms   50  misses    0
t  2531.45s  slot  50629/72000  seg  84  found 1648/2400 (68.7%)  reward     9401.5   hits 11135  false alarms   50  misses    0
t  2532.85s  slot  50657/72000  seg  84  found 1648/2400 (68.7%)  reward     9410.8   hits 11145  false alarms   50  misses    0
t  2534.30s  slot  50686/72000  seg  84  found 1648/2400 (68.7%)  reward     9422.5   hits 11156  false alarms   50  misses    0
t  2536.00s  slot  50720/72000  seg  84  found 1648/2400 (68.7%)  reward     9430.3   hits 11164  false alarms   50  misses    0
t  2537.55s  slot  50751/72000  seg  84  found 1648/2400 (68.7%)  reward     9437.8   hits 11172  false alarms   50  misses    0
t  2539.20s  slot  50784/72000  seg  84  found 1648/2400 (68.7%)  reward     9452.4   hits 11187  false alarms   50  misses    0
t  2540.85s  slot  50817/72000  seg  84  found 1648/2400 (68.7%)  reward     9465.5   hits 11200  false alarms   50  misses    0
t  2542.50s  slot  50850/72000  seg  84  found 1648/2400 (68.7%)  reward     9475.2   hits 11210  false alarms   50  misses    0
t  2544.20s  slot  50884/72000  seg  84  found 1648/2400 (68.7%)  reward     9487.4   hits 11222  false alarms   50  misses    0
t  2546.15s  slot  50923/72000  seg  84  found 1648/2400 (68.7%)  reward     9495.9   hits 11232  false alarms   50  misses    0
t  2547.95s  slot  50959/72000  seg  84  found 1648/2400 (68.7%)  reward     9504.1   hits 11242  false alarms   50  misses    0
t  2549.55s  slot  50991/72000  seg  84  found 1648/2400 (68.7%)  reward     9519.8   hits 11258  false alarms   50  misses    0
t  2551.20s  slot  51024/72000  seg  85  found 1655/2400 (69.0%)  reward     9528.6   hits 11266  false alarms   50  misses    0
t  2552.90s  slot  51058/72000  seg  85  found 1663/2400 (69.3%)  reward     9539.0   hits 11277  false alarms   50  misses    0
t  2554.55s  slot  51091/72000  seg  85  found 1668/2400 (69.5%)  reward     9552.7   hits 11291  false alarms   50  misses    0
t  2556.10s  slot  51122/72000  seg  85  found 1668/2400 (69.5%)  reward     9565.1   hits 11304  false alarms   50  misses    0
t  2557.80s  slot  51156/72000  seg  85  found 1668/2400 (69.5%)  reward     9573.1   hits 11313  false alarms   50  misses    0
t  2559.45s  slot  51189/72000  seg  85  found 1668/2400 (69.5%)  reward     9583.5   hits 11324  false alarms   50  misses    0
t  2561.25s  slot  51225/72000  seg  85  found 1668/2400 (69.5%)  reward     9597.0   hits 11337  false alarms   50  misses    0
t  2563.00s  slot  51260/72000  seg  85  found 1668/2400 (69.5%)  reward     9607.1   hits 11346  false alarms   50  misses    0
t  2564.30s  slot  51286/72000  seg  85  found 1668/2400 (69.5%)  reward     9617.2   hits 11356  false alarms   50  misses    0
t  2565.90s  slot  51318/72000  seg  85  found 1668/2400 (69.5%)  reward     9620.6   hits 11362  false alarms   50  misses    0
t  2567.35s  slot  51347/72000  seg  85  found 1668/2400 (69.5%)  reward     9626.3   hits 11368  false alarms   50  misses    0
t  2568.65s  slot  51373/72000  seg  85  found 1668/2400 (69.5%)  reward     9633.5   hits 11375  false alarms   50  misses    0
t  2570.30s  slot  51406/72000  seg  85  found 1668/2400 (69.5%)  reward     9644.9   hits 11387  false alarms   50  misses    0
t  2572.15s  slot  51443/72000  seg  85  found 1668/2400 (69.5%)  reward     9650.9   hits 11394  false alarms   50  misses    0
t  2573.85s  slot  51477/72000  seg  85  found 1668/2400 (69.5%)  reward     9659.8   hits 11403  false alarms   50  misses    0
t  2575.50s  slot  51510/72000  seg  85  found 1668/2400 (69.5%)  reward     9670.9   hits 11415  false alarms   50  misses    0
t  2577.25s  slot  51545/72000  seg  85  found 1668/2400 (69.5%)  reward     9680.4   hits 11426  false alarms   50  misses    0
t  2578.95s  slot  51579/72000  seg  85  found 1668/2400 (69.5%)  reward     9694.0   hits 11439  false alarms   50  misses    0
t  2580.75s  slot  51615/72000  seg  86  found 1674/2400 (69.8%)  reward     9705.9   hits 11454  false alarms   50  misses    0
t  2582.50s  slot  51650/72000  seg  86  found 1684/2400 (70.2%)  reward     9718.6   hits 11467  false alarms   50  misses    0
t  2584.05s  slot  51681/72000  seg  86  found 1687/2400 (70.3%)  reward     9730.3   hits 11478  false alarms   50  misses    0
t  2585.65s  slot  51713/72000  seg  86  found 1687/2400 (70.3%)  reward     9743.8   hits 11493  false alarms   50  misses    0
t  2587.45s  slot  51749/72000  seg  86  found 1687/2400 (70.3%)  reward     9754.9   hits 11504  false alarms   50  misses    0
t  2589.30s  slot  51786/72000  seg  86  found 1688/2400 (70.3%)  reward     9760.5   hits 11512  false alarms   50  misses    0
t  2590.95s  slot  51819/72000  seg  86  found 1688/2400 (70.3%)  reward     9773.4   hits 11525  false alarms   50  misses    0
t  2592.75s  slot  51855/72000  seg  86  found 1688/2400 (70.3%)  reward     9783.9   hits 11535  false alarms   50  misses    0
t  2594.70s  slot  51894/72000  seg  86  found 1688/2400 (70.3%)  reward     9790.2   hits 11543  false alarms   50  misses    0
t  2596.20s  slot  51924/72000  seg  86  found 1688/2400 (70.3%)  reward     9802.9   hits 11555  false alarms   50  misses    0
t  2597.70s  slot  51954/72000  seg  86  found 1688/2400 (70.3%)  reward     9810.4   hits 11563  false alarms   50  misses    0
t  2599.05s  slot  51981/72000  seg  86  found 1688/2400 (70.3%)  reward     9818.0   hits 11571  false alarms   50  misses    0
t  2600.70s  slot  52014/72000  seg  86  found 1688/2400 (70.3%)  reward     9822.8   hits 11576  false alarms   50  misses    0
t  2602.45s  slot  52049/72000  seg  86  found 1688/2400 (70.3%)  reward     9833.3   hits 11589  false alarms   50  misses    0
t  2604.15s  slot  52083/72000  seg  86  found 1688/2400 (70.3%)  reward     9849.3   hits 11605  false alarms   50  misses    0
t  2606.10s  slot  52122/72000  seg  86  found 1688/2400 (70.3%)  reward     9855.0   hits 11610  false alarms   50  misses    0
t  2608.05s  slot  52161/72000  seg  86  found 1688/2400 (70.3%)  reward     9867.7   hits 11624  false alarms   50  misses    0
t  2610.00s  slot  52200/72000  seg  87  found 1688/2400 (70.3%)  reward     9878.8   hits 11636  false alarms   50  misses    0
t  2611.80s  slot  52236/72000  seg  87  found 1698/2400 (70.8%)  reward     9890.1   hits 11648  false alarms   50  misses    0
t  2613.70s  slot  52274/72000  seg  87  found 1704/2400 (71.0%)  reward     9899.8   hits 11659  false alarms   50  misses    0
t  2615.65s  slot  52313/72000  seg  87  found 1706/2400 (71.1%)  reward     9909.0   hits 11670  false alarms   50  misses    0
t  2617.50s  slot  52350/72000  seg  87  found 1706/2400 (71.1%)  reward     9921.6   hits 11683  false alarms   50  misses    0
t  2619.55s  slot  52391/72000  seg  87  found 1706/2400 (71.1%)  reward     9934.5   hits 11696  false alarms   50  misses    0
t  2621.40s  slot  52428/72000  seg  87  found 1706/2400 (71.1%)  reward     9946.7   hits 11709  false alarms   50  misses    0
t  2623.25s  slot  52465/72000  seg  87  found 1708/2400 (71.2%)  reward     9962.3   hits 11722  false alarms   50  misses    0
t  2624.85s  slot  52497/72000  seg  87  found 1708/2400 (71.2%)  reward     9974.9   hits 11736  false alarms   50  misses    0
t  2626.45s  slot  52529/72000  seg  87  found 1708/2400 (71.2%)  reward     9982.5   hits 11743  false alarms   50  misses    0
t  2627.75s  slot  52555/72000  seg  87  found 1708/2400 (71.2%)  reward     9992.1   hits 11753  false alarms   50  misses    0
t  2629.10s  slot  52582/72000  seg  87  found 1708/2400 (71.2%)  reward     9999.7   hits 11761  false alarms   50  misses    0
t  2630.55s  slot  52611/72000  seg  87  found 1708/2400 (71.2%)  reward    10009.3   hits 11771  false alarms   50  misses    0
t  2631.70s  slot  52634/72000  seg  87  found 1708/2400 (71.2%)  reward    10014.7   hits 11777  false alarms   50  misses    0
t  2633.10s  slot  52662/72000  seg  87  found 1708/2400 (71.2%)  reward    10027.5   hits 11790  false alarms   50  misses    0
t  2634.60s  slot  52692/72000  seg  87  found 1708/2400 (71.2%)  reward    10038.5   hits 11801  false alarms   50  misses    0
t  2635.95s  slot  52719/72000  seg  87  found 1708/2400 (71.2%)  reward    10051.4   hits 11814  false alarms   50  misses    0
t  2637.40s  slot  52748/72000  seg  87  found 1708/2400 (71.2%)  reward    10059.6   hits 11823  false alarms   50  misses    0
t  2638.85s  slot  52777/72000  seg  87  found 1708/2400 (71.2%)  reward    10067.6   hits 11832  false alarms   50  misses    0
t  2640.40s  slot  52808/72000  seg  88  found 1712/2400 (71.3%)  reward    10078.4   hits 11844  false alarms   50  misses    0
t  2642.00s  slot  52840/72000  seg  88  found 1721/2400 (71.7%)  reward    10088.5   hits 11854  false alarms   50  misses    0
t  2643.35s  slot  52867/72000  seg  88  found 1722/2400 (71.8%)  reward    10096.5   hits 11863  false alarms   50  misses    0
t  2644.95s  slot  52899/72000  seg  88  found 1726/2400 (71.9%)  reward    10109.1   hits 11878  false alarms   50  misses    0
t  2646.40s  slot  52928/72000  seg  88  found 1726/2400 (71.9%)  reward    10113.5   hits 11883  false alarms   50  misses    0
t  2647.90s  slot  52958/72000  seg  88  found 1726/2400 (71.9%)  reward    10128.9   hits 11898  false alarms   50  misses    0
t  2649.55s  slot  52991/72000  seg  88  found 1726/2400 (71.9%)  reward    10136.9   hits 11906  false alarms   50  misses    0
t  2651.15s  slot  53023/72000  seg  88  found 1726/2400 (71.9%)  reward    10147.7   hits 11917  false alarms   50  misses    0
t  2653.05s  slot  53061/72000  seg  88  found 1726/2400 (71.9%)  reward    10154.8   hits 11926  false alarms   50  misses    0
t  2654.40s  slot  53088/72000  seg  88  found 1726/2400 (71.9%)  reward    10166.5   hits 11939  false alarms   50  misses    0
t  2655.80s  slot  53116/72000  seg  88  found 1727/2400 (72.0%)  reward    10174.0   hits 11945  false alarms   50  misses    0
t  2657.10s  slot  53142/72000  seg  88  found 1727/2400 (72.0%)  reward    10181.9   hits 11953  false alarms   51  misses    0
t  2658.45s  slot  53169/72000  seg  88  found 1727/2400 (72.0%)  reward    10186.4   hits 11958  false alarms   51  misses    0
t  2660.35s  slot  53207/72000  seg  88  found 1727/2400 (72.0%)  reward    10193.2   hits 11966  false alarms   51  misses    0
t  2662.05s  slot  53241/72000  seg  88  found 1727/2400 (72.0%)  reward    10204.2   hits 11977  false alarms   51  misses    0
t  2663.80s  slot  53276/72000  seg  88  found 1728/2400 (72.0%)  reward    10218.2   hits 11991  false alarms   51  misses    0
t  2665.75s  slot  53315/72000  seg  88  found 1728/2400 (72.0%)  reward    10231.6   hits 12004  false alarms   51  misses    0
